Actors,Comment,CountryOrRegion,Direction,Last,MovieTypes,OriginalTitle,Rank,Score,ScreenWriter,Title,Url,Votes,Year
蒂姆·罗宾斯 摩根·弗里曼 鲍勃·冈顿 威廉姆·赛德勒 克兰西·布朗 吉尔·贝罗斯 马克·罗斯顿 詹姆斯·惠特摩 杰弗里·德曼 拉里·布兰登伯格 尼尔·吉恩托利 布赖恩·利比 大卫·普罗瓦尔 约瑟夫·劳格诺 祖德·塞克利拉,希望让人自由。,美国,弗兰克·德拉邦特,142,剧情 犯罪,The Shawshank Redemption,1,9.6,弗兰克·德拉邦特 斯蒂芬·金,肖申克的救赎,https://movie.douban.com/subject/1292052/,869007,1994
莱昂纳多·迪卡普里奥 约瑟夫·高登-莱维特 艾伦·佩吉 渡边谦 汤姆·哈迪 迪利普·劳 玛丽昂·歌迪亚 基里安·墨菲 汤姆·贝伦杰 迈克尔·凯恩 卢卡斯·哈斯 皮特·波斯尔思韦特,诺兰给了我们一场无法盗取的梦。,美国   英国,克里斯托弗·诺兰,148,剧情 动作 科幻 悬疑 冒险,Inception,9,9.2,克里斯托弗·诺兰,盗梦空间,https://movie.douban.com/subject/3541415/,760037,2010
莱昂纳多·迪卡普里奥 凯特·温丝莱特 比利·赞恩 凯西·贝茨 弗兰西丝·费舍 格劳瑞亚·斯图尔特 比尔·帕克斯顿 伯纳德·希尔 大卫·沃纳 维克多·加博 乔纳森·海德 苏茜·爱米斯 刘易斯·阿伯内西 Nicholas Cascone Anatoly M. Sagalevitch 丹尼·努齐 杰森·贝瑞 伊万·斯图尔特 艾恩·格拉法德 乔纳森·菲利普斯 马克·林赛·查普曼 理查德·格拉翰 Paul Brightwell 艾瑞克·布里登 夏洛特·查顿 博纳德·福克斯 迈克尔·英塞恩 Fannie Brett 马丁·贾维斯 Rosalind Ayres 罗切尔·罗斯 Jonathan Evans-Jones Simon Crane 爱德华德·弗莱彻 Scott Anderson Martin East 克雷格·凯利 格雷戈里·库克 Liam Tuohy James Lancaster 艾尔莎·瑞雯 Lew Palter Terry Forrestal Kevin De La Noy,失去的才是永恒的。 ,美国,詹姆斯·卡梅隆,194,剧情 爱情 灾难,Titanic,8,9.2,詹姆斯·卡梅隆,泰坦尼克号,https://movie.douban.com/subject/1292722/,651829,1997
连姆·尼森 本·金斯利 拉尔夫·费因斯 卡罗琳·古多尔 乔纳森·萨加尔 艾伯丝·戴维兹 马尔戈萨·格贝尔 马克·伊瓦涅 碧翠斯·马科拉 安德烈·瑟韦林 弗里德里希·冯·图恩 克齐斯茨托夫·拉夫特 诺伯特·魏塞尔,拯救一个人，就是拯救整个世界。,美国,史蒂文·斯皮尔伯格,195,剧情 历史 战争,Schindler's List,7,9.4,托马斯·肯尼利 斯蒂文·泽里安,辛德勒的名单,https://movie.douban.com/subject/1295124/,381211,1993
罗伯托·贝尼尼 尼可莱塔·布拉斯基 乔治·坎塔里尼 朱斯蒂诺·杜拉诺 赛尔乔·比尼·布斯特里克 玛丽萨·帕雷德斯 霍斯特·布赫霍尔茨 利迪娅·阿方西 朱利亚娜·洛约迪切 亚美利哥·丰塔尼 彼得·德·席尔瓦 弗朗西斯·古佐 拉法埃拉·莱博罗尼 克劳迪奥·阿方西 吉尔·巴罗尼 马西莫·比安奇 恩尼奥·孔萨尔维 吉安卡尔洛·科森蒂诺 阿伦·克雷格,最美的谎言。,意大利,罗伯托·贝尼尼,116,剧情 喜剧 爱情 战争,La vita è bella,5,9.5,温琴佐·切拉米 罗伯托·贝尼尼,美丽人生,https://movie.douban.com/subject/1292063/,413540,1997
柊瑠美 入野自由 夏木真理 菅原文太 内藤刚志 神木隆之介 泽口靖子 我修院达也,最好的宫崎骏，最好的久石让。 ,日本,宫崎骏,125,剧情 动画 奇幻,千と千尋の神隠し,6,9.2,宫崎骏,千与千寻,https://movie.douban.com/subject/1291561/,660358,2001
汤姆·汉克斯 罗宾·怀特 加里·西尼斯 麦凯尔泰·威廉逊 莎莉·菲尔德 Michael Conner Humphreys 海利·乔·奥斯蒙,一部美国近现代史。,美国,罗伯特·泽米吉斯,142,剧情 爱情,Forrest Gump,4,9.4,艾瑞克·罗斯 Winston Groom,阿甘正传,https://movie.douban.com/subject/1292720/,709002,1994
让·雷诺 娜塔莉·波特曼 加里·奥德曼 丹尼·爱罗 彼得·阿佩尔 迈克尔·巴达鲁科 艾伦·格里尼 伊丽莎白·瑞根 卡尔·马图斯维奇 弗兰克·赛格 麦温 乔治·马丁 罗伯特·拉萨多 亚当·布斯奇 马里奥·托迪斯科 萨米·纳塞利,怪蜀黍和小萝莉不得不说的故事。,法国,吕克·贝松,110,剧情 动作 犯罪,Léon,3,9.4,吕克·贝松,这个杀手不太冷,https://movie.douban.com/subject/1295644/,831356,1994
张国荣 张丰毅 巩俐 葛优 英达 蒋雯丽 吴大维 吕齐 雷汉 尹治 马明威 费振翔 智一桐 李春 赵海龙 李丹 童弟 沈慧芬 黄斐,风华绝代。,中国大陆   香港,陈凯歌,171,剧情 爱情 同性,,2,9.5,芦苇 李碧华,霸王别姬,https://movie.douban.com/subject/1291546/,624377,1993
刘德华 梁朝伟 黄秋生 曾志伟 郑秀文 陈慧琳 陈冠希 余文乐 杜汶泽 林家栋 萧亚轩,香港电影史上永不过时的杰作。,香港,刘伟强 麦兆辉,101,剧情 悬疑 犯罪,無間道,25,9.0,麦兆辉 庄文强,无间道,https://movie.douban.com/subject/1307914/,397245,2002
威尔·史密斯 贾登·史密斯 坦迪·牛顿 布莱恩·豪威  詹姆斯·凯伦 丹·卡斯泰兰尼塔 柯特·富勒 塔卡尤·费舍尔 凯文·韦斯特 乔治·张 戴维·迈克尔·西尔弗曼 多米尼克·博夫 杰弗·卡伦 乔伊芙·拉文 斯科特·克拉斯,平民励志片。 ,美国,加布里埃莱·穆奇诺,117,剧情 家庭 传记,The Pursuit of Happyness,22,8.9,史帝文·康拉德,当幸福来敲门,https://movie.douban.com/subject/1849031/,537088,2006
弗朗索瓦·克鲁塞 奥玛·希 安娜·勒尼 奥德雷·弗勒罗 托马·索利韦尔,满满温情的高雅喜剧。,法国,奥利维埃·纳卡什 埃里克·托莱达诺,112,剧情 喜剧,Intouchables,21,9.1,奥利维埃·纳卡什 埃里克·托莱达诺,触不可及,https://movie.douban.com/subject/6786002/,364855,2011
安东内拉·阿蒂利 恩佐·卡拉瓦勒 艾萨·丹尼埃利 里奥·故罗塔 马克·莱昂纳蒂 普佩拉·玛奇奥 阿格妮丝·那诺 莱奥波多·特里耶斯泰 萨瓦特利·卡西欧 塔诺·希玛罗萨 尼古拉·迪·平托 Roberta Lena 尼诺·戴罗佐 雅克·贝汉 布丽吉特·佛西 菲利普·努瓦雷,那些吻戏，那些青春，都在影院的黑暗里被泪水冲刷得无比清晰。,意大利   法国,朱塞佩·托纳多雷,155,剧情 爱情,Nuovo Cinema Paradiso,20,9.1,Carl Paoli 朱塞佩·托纳多雷,天堂电影院,https://movie.douban.com/subject/1291828/,308927,1988
托马斯·米切尔 芭芭拉·欧内尔 费雯·丽 伊夫林·凯耶斯 安·卢瑟福德 乔治·里弗斯 弗莱德·克莱恩 海蒂·麦克丹尼尔斯 奥斯卡·波尔克 巴特弗莱·麦昆 维克托·乔里 埃弗雷特·布朗 霍华德·C·希克曼 艾丽西亚·瑞特 莱斯利·霍华德 奥利维娅·德·哈维兰 兰德·布鲁克斯 卡洛尔·奈 克拉克·盖博 劳拉·霍普·克鲁斯 埃迪·安德森 哈里·达文波特 利昂娜·罗伯特 简·达威尔 欧娜·满森 保罗·赫斯特 伊莎贝尔·朱尔 卡米·金·肯伦 艾瑞克·林登 J·M·克里根 沃德·邦德 莉莲·肯布尔-库珀,Tomorrow is another day.,美国,维克多·弗莱明 乔治·库克 山姆·伍德,238,剧情 爱情 历史 战争,Gone with the Wind,19,9.2,玛格丽特·米歇尔 西德尼·霍华德 奥利弗·H·P·加勒特 本·赫克特 乔·斯沃林 约翰·范·德鲁登,乱世佳人,https://movie.douban.com/subject/1300267/,270619,1939
金·凯瑞 劳拉·琳妮 艾德·哈里斯 诺亚·艾默里奇 娜塔莎· 麦克艾霍恩,如果再也不能见到你，祝你早安，午安，晚安。,美国,彼得·威尔,103,剧情 科幻,The Truman Show,18,9.1,安德鲁·尼科尔,楚门的世界,https://movie.douban.com/subject/1292064/,452308,1998
日高法子 坂本千夏 糸井重里 岛本须美 北林谷荣 高木均 雨笠利幸 丸山裕子 广濑正志 鹫尾真知子 铃木玲子 千叶繁 龙田直树 鳕子 西村朋纮 石田光子 神代知衣 中村大树 水谷优子 平松晶子 大谷育江,人人心中都有个龙猫，童年就永远不会消失。,日本,宫崎骏,86,动画 家庭 儿童 奇幻,となりのトトロ,16,9.1,宫崎骏,龙猫,https://movie.douban.com/subject/1291560/,417179,1988
马龙·白兰度 阿尔·帕西诺 詹姆斯·肯恩 理查德·卡斯特尔诺 罗伯特·杜瓦尔 斯特林·海登 约翰·马利 理查德·康特 艾尔·勒提埃里 黛安·基顿 阿贝·维高达 塔莉娅·夏尔 吉亚尼·罗素 约翰·凯泽尔 鲁迪·邦德,千万不要记恨你的对手，这样会让你失去理智。,美国,弗朗西斯·福特·科波拉,175,剧情 犯罪,The Godfather,17,9.2,马里奥·普佐 弗朗西斯·福特·科波拉,教父,https://movie.douban.com/subject/1291841/,342676,1972
周星驰 吴孟达 朱茵 蔡少芬 蓝洁瑛 莫文蔚 罗家英 刘镇伟 陆树铭 李健仁,一生所爱。,香港   中国大陆,刘镇伟,95,喜剧 动作 爱情 奇幻 冒险,西遊記大結局之仙履奇緣,15,9.2,刘镇伟 吴承恩,大话西游之大圣娶亲,https://movie.douban.com/subject/1292213/,486548,1995
热拉尔·朱尼奥 让-巴蒂斯特·莫尼耶 弗朗索瓦·贝莱昂 凯德·麦拉德 玛丽·布奈尔 马科森斯·珀林 让-保罗·博奈雷 格雷戈里·加迪诺尔 托马斯·布伦门塔尔 Cyril Bernicot Simon Fargeot Théodule Carré-Cassaigne Philippe du Janerand 卡罗尔·韦斯 Erick Desmarestz,天籁一般的童声，是最接近上帝的存在。 ,法国   瑞士   德国,克里斯托夫·巴拉蒂,97,剧情 音乐,Les choristes,14,9.2,Georges Chaperot 勒·惠勒,放牛班的春天,https://movie.douban.com/subject/1291549/,450989,2004
理查·基尔 萨拉·罗默尔 琼·艾伦 罗比·萨布莱特 艾瑞克·阿瓦利 田川洋行 杰森·亚历山大 罗伯特·卡普荣,永远都不能忘记你所爱的人。,美国   英国,拉斯·霍尔斯道姆,93,剧情,Hachi: A Dog's Tale,13,9.2,斯蒂芬·P·林赛 新藤兼人,忠犬八公的故事,https://movie.douban.com/subject/3011091/,453526,2009
阿米尔·汗 卡琳娜·卡普尔 马达范 沙尔曼·乔希 奥米·瓦依达 博曼·伊拉尼 莫娜·辛格 拉杰夫·拉宾德拉纳特安,英俊版憨豆，高情商版谢耳朵。,印度,拉吉库马尔·希拉尼,171,剧情 喜剧 爱情 歌舞,3 Idiots,12,9.1,维德胡·维诺德·乔普拉 拉吉库马尔·希拉尼 阿西奇·乔希,三傻大闹宝莱坞,https://movie.douban.com/subject/3793023/,671862,2009
蒂姆·罗斯 普路特·泰勒·文斯 比尔·努恩 梅兰尼·蒂埃里 阿尔贝托·巴斯克斯,每个人都要走一条自己坚定了的路，就算是粉身碎骨。 ,意大利,朱塞佩·托纳多雷,165,剧情 音乐,La leggenda del pianista sull'oceano,11,9.2,亚利桑德罗·巴里克 朱塞佩·托纳多雷,海上钢琴师,https://movie.douban.com/subject/1292001/,597778,1998
本·贝尔特 艾丽莎·奈特 杰夫·格尔林 佛莱德·威拉特,小瓦力，大人生。,,安德鲁·斯坦顿,98,喜剧 爱情 科幻 动画 冒险,WALL·E,10,9.3,安德鲁·斯坦顿 吉姆·里尔顿 彼特·道格特,机器人总动员,https://movie.douban.com/subject/2131459/,497653,2008
Actors,Comment,CountryOrRegion,Direction,Last,MovieTypes,OriginalTitle,Rank,Score,ScreenWriter,Title,Url,Votes,Year
连姆·尼森 本·金斯利 拉尔夫·费因斯 卡罗琳·古多尔 乔纳森·萨加尔 艾伯丝·戴维兹 马尔戈萨·格贝尔 马克·伊瓦涅 碧翠斯·马科拉 安德烈·瑟韦林 弗里德里希·冯·图恩 克齐斯茨托夫·拉夫特 诺伯特·魏塞尔,拯救一个人，就是拯救整个世界。,美国,史蒂文·斯皮尔伯格,195,剧情 历史 战争,Schindler's List,7,9.4,托马斯·肯尼利 斯蒂文·泽里安,辛德勒的名单,https://movie.douban.com/subject/1295124/,385998,1993
柊瑠美 入野自由 夏木真理 菅原文太 内藤刚志 神木隆之介 泽口靖子 我修院达也,最好的宫崎骏，最好的久石让。 ,日本,宫崎骏,125,剧情 动画 奇幻,千と千尋の神隠し,6,9.2,宫崎骏,千与千寻,https://movie.douban.com/subject/1291561/,668946,2001
罗伯托·贝尼尼 尼可莱塔·布拉斯基 乔治·坎塔里尼 朱斯蒂诺·杜拉诺 赛尔乔·比尼·布斯特里克 玛丽萨·帕雷德斯 霍斯特·布赫霍尔茨 利迪娅·阿方西 朱利亚娜·洛约迪切 亚美利哥·丰塔尼 彼得·德·席尔瓦 弗朗西斯·古佐 拉法埃拉·莱博罗尼 克劳迪奥·阿方西 吉尔·巴罗尼 马西莫·比安奇 恩尼奥·孔萨尔维 吉安卡尔洛·科森蒂诺 阿伦·克雷格,最美的谎言。,意大利,罗伯托·贝尼尼,116,剧情 喜剧 爱情 战争,La vita è bella,5,9.5,温琴佐·切拉米 罗伯托·贝尼尼,美丽人生,https://movie.douban.com/subject/1292063/,418842,1997
汤姆·汉克斯 罗宾·怀特 加里·西尼斯 麦凯尔泰·威廉逊 莎莉·菲尔德 Michael Conner Humphreys 海利·乔·奥斯蒙,一部美国近现代史。,美国,罗伯特·泽米吉斯,142,剧情 爱情,Forrest Gump,4,9.4,艾瑞克·罗斯 Winston Groom,阿甘正传,https://movie.douban.com/subject/1292720/,717703,1994
让·雷诺 娜塔莉·波特曼 加里·奥德曼 丹尼·爱罗 彼得·阿佩尔 迈克尔·巴达鲁科 艾伦·格里尼 伊丽莎白·瑞根 卡尔·马图斯维奇 弗兰克·赛格 麦温 乔治·马丁 罗伯特·拉萨多 亚当·布斯奇 马里奥·托迪斯科 萨米·纳塞利,怪蜀黍和小萝莉不得不说的故事。,法国,吕克·贝松,110,剧情 动作 犯罪,Léon,3,9.4,吕克·贝松,这个杀手不太冷,https://movie.douban.com/subject/1295644/,842334,1994
张国荣 张丰毅 巩俐 葛优 英达 蒋雯丽 吴大维 吕齐 雷汉 尹治 马明威 费振翔 智一桐 李春 赵海龙 李丹 童弟 沈慧芬 黄斐,风华绝代。,中国大陆   香港,陈凯歌,171,剧情 爱情 同性,,2,9.5,芦苇 李碧华,霸王别姬,https://movie.douban.com/subject/1291546/,634433,1993
蒂姆·罗宾斯 摩根·弗里曼 鲍勃·冈顿 威廉姆·赛德勒 克兰西·布朗 吉尔·贝罗斯 马克·罗斯顿 詹姆斯·惠特摩 杰弗里·德曼 拉里·布兰登伯格 尼尔·吉恩托利 布赖恩·利比 大卫·普罗瓦尔 约瑟夫·劳格诺 祖德·塞克利拉,希望让人自由。,美国,弗兰克·德拉邦特,142,剧情 犯罪,The Shawshank Redemption,1,9.6,弗兰克·德拉邦特 斯蒂芬·金,肖申克的救赎,https://movie.douban.com/subject/1292052/,882017,1994
托马斯·米切尔 芭芭拉·欧内尔 费雯·丽 伊夫林·凯耶斯 安·卢瑟福德 乔治·里弗斯 弗莱德·克莱恩 海蒂·麦克丹尼尔斯 奥斯卡·波尔克 巴特弗莱·麦昆 维克托·乔里 埃弗雷特·布朗 霍华德·C·希克曼 艾丽西亚·瑞特 莱斯利·霍华德 奥利维娅·德·哈维兰 兰德·布鲁克斯 卡洛尔·奈 克拉克·盖博 劳拉·霍普·克鲁斯 埃迪·安德森 哈里·达文波特 利昂娜·罗伯特 简·达威尔 欧娜·满森 保罗·赫斯特 伊莎贝尔·朱尔 卡米·金·肯伦 艾瑞克·林登 J·M·克里根 沃德·邦德 莉莲·肯布尔-库珀,Tomorrow is another day.,美国,维克多·弗莱明 乔治·库克 山姆·伍德,238,剧情 爱情 历史 战争,Gone with the Wind,19,9.2,玛格丽特·米歇尔 西德尼·霍华德 奥利弗·H·P·加勒特 本·赫克特 乔·斯沃林 约翰·范·德鲁登,乱世佳人,https://movie.douban.com/subject/1300267/,273150,1939
金·凯瑞 劳拉·琳妮 艾德·哈里斯 诺亚·艾默里奇 娜塔莎· 麦克艾霍恩,如果再也不能见到你，祝你早安，午安，晚安。,美国,彼得·威尔,103,剧情 科幻,The Truman Show,18,9.1,安德鲁·尼科尔,楚门的世界,https://movie.douban.com/subject/1292064/,459287,1998
马龙·白兰度 阿尔·帕西诺 詹姆斯·肯恩 理查德·卡斯特尔诺 罗伯特·杜瓦尔 斯特林·海登 约翰·马利 理查德·康特 艾尔·勒提埃里 黛安·基顿 阿贝·维高达 塔莉娅·夏尔 吉亚尼·罗素 约翰·凯泽尔 鲁迪·邦德,千万不要记恨你的对手，这样会让你失去理智。,美国,弗朗西斯·福特·科波拉,175,剧情 犯罪,The Godfather,17,9.2,马里奥·普佐 弗朗西斯·福特·科波拉,教父,https://movie.douban.com/subject/1291841/,346416,1972
日高法子 坂本千夏 糸井重里 岛本须美 北林谷荣 高木均 雨笠利幸 丸山裕子 广濑正志 鹫尾真知子 铃木玲子 千叶繁 龙田直树 鳕子 西村朋纮 石田光子 神代知衣 中村大树 水谷优子 平松晶子 大谷育江,人人心中都有个龙猫，童年就永远不会消失。,日本,宫崎骏,86,动画 家庭 儿童 奇幻,となりのトトロ,16,9.1,宫崎骏,龙猫,https://movie.douban.com/subject/1291560/,422062,1988
周星驰 吴孟达 朱茵 蔡少芬 蓝洁瑛 莫文蔚 罗家英 刘镇伟 陆树铭 李健仁,一生所爱。,香港   中国大陆,刘镇伟,95,喜剧 动作 爱情 奇幻 冒险,西遊記大結局之仙履奇緣,15,9.2,刘镇伟 吴承恩,大话西游之大圣娶亲,https://movie.douban.com/subject/1292213/,492556,1995
热拉尔·朱尼奥 让-巴蒂斯特·莫尼耶 弗朗索瓦·贝莱昂 凯德·麦拉德 玛丽·布奈尔 马科森斯·珀林 让-保罗·博奈雷 格雷戈里·加迪诺尔 托马斯·布伦门塔尔 Cyril Bernicot Simon Fargeot Théodule Carré-Cassaigne Philippe du Janerand 卡罗尔·韦斯 Erick Desmarestz,天籁一般的童声，是最接近上帝的存在。 ,法国   瑞士   德国,克里斯托夫·巴拉蒂,97,剧情 音乐,Les choristes,14,9.2,Georges Chaperot 勒·惠勒,放牛班的春天,https://movie.douban.com/subject/1291549/,456353,2004
理查·基尔 萨拉·罗默尔 琼·艾伦 罗比·萨布莱特 艾瑞克·阿瓦利 田川洋行 杰森·亚历山大 罗伯特·卡普荣,永远都不能忘记你所爱的人。,美国   英国,拉斯·霍尔斯道姆,93,剧情,Hachi: A Dog's Tale,13,9.2,斯蒂芬·P·林赛 新藤兼人,忠犬八公的故事,https://movie.douban.com/subject/3011091/,459866,2009
阿米尔·汗 卡琳娜·卡普尔 马达范 沙尔曼·乔希 奥米·瓦依达 博曼·伊拉尼 莫娜·辛格 拉杰夫·拉宾德拉纳特安,英俊版憨豆，高情商版谢耳朵。,印度,拉吉库马尔·希拉尼,171,剧情 喜剧 爱情 歌舞,3 Idiots,12,9.1,维德胡·维诺德·乔普拉 拉吉库马尔·希拉尼 阿西奇·乔希,三傻大闹宝莱坞,https://movie.douban.com/subject/3793023/,679380,2009
泰隆·鲍华 玛琳·黛德丽 查尔斯·劳顿 爱尔莎·兰切斯特 约翰·威廉姆斯 亨利·丹尼尔 伊安·沃尔夫 托林·撒切尔 诺玛·威登,比利·怀德满分作品。,美国,比利·怀尔德,116,剧情 悬疑 犯罪,Witness for the Prosecution,50,9.6,阿加莎·克里斯蒂 比利·怀尔德 哈里·库尼兹,控方证人,https://movie.douban.com/subject/1296141/,86241,1957
罗宾·威廉姆斯 罗伯特·肖恩·莱纳德 伊桑·霍克 乔西·查尔斯 盖尔·汉森 迪伦·库斯曼 阿勒隆·鲁杰罗 詹姆斯·沃特斯顿 诺曼·劳埃德 柯特伍德·史密斯 卡拉·贝尔韦尔 利昂·波纳尔 乔治·马丁 乔·奥菲耶里 马特·凯里,当一个死水般的体制内出现一个活跃的变数时，所有的腐臭都站在了光明的对面。,美国,彼得·威尔,128,剧情,Dead Poets Society,49,8.9,汤姆·舒尔曼,死亡诗社,https://movie.douban.com/subject/1291548/,276646,1989
伊利亚·伍德 西恩·奥斯汀 伊恩·麦克莱恩 维果·莫腾森 奥兰多·布鲁姆 凯特·布兰切特 肖恩·宾 克里斯托弗·李 雨果·维文 丽芙·泰勒 安迪·瑟金斯 伊安·霍姆 多米尼克·莫纳汉 萨拉·贝克 约翰·瑞斯-戴维斯,传说的开始。,,彼得·杰克逊,178,剧情 动作 奇幻 冒险,The Lord of the Rings: The Fellowship of the Ring,48,8.9,弗兰·威尔士 菲利帕·鲍恩斯 彼得·杰克逊 J·R·R·托尔金,指环王1：魔戒再现,https://movie.douban.com/subject/1291571/,301924,2001
伊利亚·伍德 西恩·奥斯汀 伊恩·麦克莱恩 维果·莫腾森 奥兰多·布鲁姆 克里斯托弗·李 丽芙·泰勒 安迪·瑟金斯 雨果·维文 卡尔·厄本 凯特·布兰切特 多米尼克·莫纳汉 大卫·文翰 比利·博伊德 布拉德·道里夫 伯纳德·希尔 约翰·瑞斯-戴维斯 米兰达·奥图,承前启后的史诗篇章。,,彼得·杰克逊,179,剧情 动作 奇幻 冒险,The Lord of the Rings: The Two Towers,47,8.9,弗兰·威尔士 菲利帕·鲍恩斯 Stephen Sinclair 彼得·杰克逊 J·R·R·托尔金,指环王2：双塔奇兵,https://movie.douban.com/subject/1291572/,270252,2002
罗素·克劳 詹妮弗·康纳利 艾德·哈里斯 克里斯托弗·普卢默 保罗·贝坦尼 亚当·戈德堡 乔什·卢卡斯,爱是一切逻辑和原由。,美国,朗·霍华德,135,剧情 传记,A Beautiful Mind,46,8.9,阿齐瓦·高斯曼 西尔维娅·纳萨尔,美丽心灵,https://movie.douban.com/subject/1306029/,304408,2001
阿尔·帕西诺 罗伯特·杜瓦尔 黛安·基顿 罗伯特·德尼罗 约翰·凯泽尔 塔莉娅·夏尔 李·斯特拉斯伯格 迈克尔·V·格佐 G·D·斯普拉德林 理查德·布赖特 加斯通·莫辛 汤姆·罗斯奎 布鲁诺·柯比 弗兰克·西维罗 弗朗西丝卡·德·萨维奥,优雅的孤独。,美国,弗朗西斯·福特·科波拉,202,剧情 犯罪,The Godfather: Part Ⅱ,45,9.1,弗朗西斯·福特·科波拉 马里奥·普佐,教父2,https://movie.douban.com/subject/1299131/,186478,1974
娜塔莉·波特曼 雨果·维文 斯蒂芬·瑞 斯蒂芬·弗雷 约翰·赫特 蒂姆·皮戈特-史密斯 鲁珀特·格雷夫斯 罗杰·阿拉姆 本·迈尔斯 西妮德·库萨克 娜塔莎·怀特曼 约翰·斯坦丁 埃迪·马森 克里夫·阿什伯恩 Emma Field-Rayner 伊安·布尔费尔德 Mark Phoenix Alister Mazzotti 比莉·库克 盖伊·亨利 科斯马·肖 Megan Gay Roderic Culver Tara Hacking 安迪·莱什利兹 查德·史塔赫斯基 布拉德利·斯蒂夫·福特 Madeleine Rakic-Platt 塞丽娜·贾尔斯 卡斯腾·海斯 伊莫琴·普茨 劳拉·格林伍德 Kyra Meyer 玛丽·萧克莱  理查德·莱恩 Michael Simkins,一张面具背后的理想与革命。,美国   英国   德国,詹姆斯·麦克特格,132,剧情 动作 科幻 惊悚,V for Vendetta,43,8.8,莉莉·沃卓斯基 拉娜·沃卓斯基,V字仇杀队,https://movie.douban.com/subject/1309046/,415674,2005
倍赏千惠子 木村拓哉 美轮明宏 我修院达也 神木隆之介 伊崎充则 大泉洋 大塚明夫 原田大二郎 加藤治子,带着心爱的人在天空飞翔。,日本,宫崎骏,119,爱情 动画 奇幻 冒险,ハウルの動く城,44,8.9,宫崎骏 吉田玲子,哈尔的移动城堡,https://movie.douban.com/subject/1308807/,348612,2004
阿尔·帕西诺 克里斯·奥唐纳 詹姆斯·瑞布霍恩 加布里埃尔·安瓦尔 菲利普·塞默·霍夫曼 Richard Venture 布莱德利·惠特福德 Rochelle Oliver Margaret Eginton Tom Riis Farrell Nicholas Sadler 托德·路易斯 Matt Smith 吉恩·坎菲尔德 弗兰西丝·康罗伊,史上最美的探戈。,美国,马丁·布莱斯,157,剧情,Scent of a Woman,42,8.9,博·古德曼 乔瓦尼·阿尔皮诺,闻香识女人,https://movie.douban.com/subject/1298624/,321818,1992
John Chisholm Mandy-Rae Cruikshank Charles Hambleton Simon Hutchins Kirk Krack 伊莎贝尔·卢卡斯 Richard O'Barry 海顿·潘妮蒂尔 路易·西霍尤斯,海豚的微笑，是世界上最高明的伪装。,,路易·西霍尤斯,92,纪录片,The Cove,41,9.3,马克·蒙雷,海豚湾,https://movie.douban.com/subject/3442220/,181990,2009
杰克·尼科尔森 丹尼·德维托 克里斯托弗·洛伊德 路易丝·弗莱彻 特德·马克兰德 布拉德·道里夫,自由万岁。,美国,米洛斯·福尔曼,133,剧情,One Flew Over the Cuckoo's Nest,40,9.0,劳伦斯·奥邦 博·古德曼,飞越疯人院,https://movie.douban.com/subject/1292224/,278185,1975
乌尔里希·穆埃 马蒂娜·格德克 塞巴斯蒂安·科赫 乌尔里希·图库尔 托马斯·蒂梅,别样人生。,德国,弗洛里安·亨克尔·冯·多纳斯马尔克,137,剧情 悬疑,Das Leben der Anderen,39,9.1,弗洛里安·亨克尔·冯·多纳斯马尔克,窃听风暴,https://movie.douban.com/subject/1900841/,223186,2006
爱德华·阿斯纳 克里斯托弗·普卢默 乔丹·长井 鲍勃·彼德森 戴尔里·林多 约翰·拉岑贝格 大卫·卡耶 唐纳德·富利洛夫 杰斯·哈梅尔 乔什·库雷,最后那些最无聊的事情，才是最值得怀念的。 ,美国,彼特·道格特,96,剧情 喜剧 动画 冒险,Up,38,8.9,鲍勃·彼德森 彼特·道格特 汤姆·麦卡锡,飞屋环游记,https://movie.douban.com/subject/2129039/,499384,2009
杰森·弗莱明 德克斯特·弗莱彻 尼克·莫兰 杰森·斯坦森 斯蒂文·麦金托什 斯汀 维尼·琼斯,4个臭皮匠顶个诸葛亮，盖·里奇果然不是盖的。,英国,盖·里奇,107,剧情 喜剧 犯罪,"Lock, Stock and Two Smoking Barrels",37,9.0,盖·里奇,两杆大烟枪,https://movie.douban.com/subject/1293350/,274292,1998
周星驰 吴孟达 罗家英 蓝洁瑛 莫文蔚 江约诚 陆树铭 刘镇伟 朱茵 李健仁,旷古烁今。,香港   中国大陆,刘镇伟,87,喜剧 动作 爱情 奇幻 冒险 古装,西遊記第壹佰零壹回之月光寶盒,36,8.9,刘镇伟 吴承恩,大话西游之月光宝盒,https://movie.douban.com/subject/1299398/,398164,1995
葛优 巩俐 姜武 牛犇 郭涛 张璐 倪大红 肖聪 董飞 刘天池 董立范 黄宗洛 刘燕瑾 李连义 杨同顺,张艺谋最好的电影。,中国大陆   香港,张艺谋,132,剧情 家庭 历史,,35,9.1,余华 芦苇,活着,https://movie.douban.com/subject/1292365/,267861,1994
奥黛丽·赫本 格利高里·派克 埃迪·艾伯特 哈特利·鲍尔 哈考特·威廉姆斯,爱情哪怕只有一天。,美国,威廉·惠勒,118,剧情 喜剧 爱情,Roman Holiday,34,8.9,达尔顿·特朗勃 伊安·麦克莱伦·亨特 约翰·戴顿,罗马假日,https://movie.douban.com/subject/1293839/,387456,1953
克里斯蒂安·贝尔 希斯·莱杰 艾伦·艾克哈特 迈克尔·凯恩 玛吉·吉伦哈尔 加里·奥德曼 摩根·弗里曼 莫尼克·加布里埃拉·库尔内 罗恩·迪恩 基里安·墨菲 黄经汉 内斯特·卡博内尔 埃里克·罗伯茨 里特奇·科斯特 安东尼·迈克尔·豪尔 基斯·斯扎拉巴基克 柯林·麦克法兰 约书亚·哈尔托 美琳达·麦格劳 内森·甘宝 迈克尔·维约 迈克尔·斯托扬诺夫 威廉·斯米利 丹尼·高德林 迈克尔·加·怀特 马修·奥尼尔 威廉·菲德内尔 欧鲁米基·欧拉乌米 格雷格·比姆 爱利克·赫尔曼 毕崔斯·罗森 文森佐·尼克力 陈冠希,无尽的黑暗。,,克里斯托弗·诺兰,152,剧情 动作 科幻 惊悚 犯罪,The Dark Knight,33,9.0,乔纳森·诺兰 克里斯托弗·诺兰 大卫·S·高耶,蝙蝠侠：黑暗骑士,https://movie.douban.com/subject/1851857/,322283,2008
姜文 香川照之 袁丁 姜宏波 陈强 丛志军 喜子 李海滨 泽田谦也 蔡卫东 陈莲梅 宫路佳具 吴大维 梶冈润一 姜武,对敌人的仁慈，就是对自己残忍。,中国大陆,姜文,139,剧情 战争,,32,9.2,姜文 史建全 述平 尤凤伟,鬼子来了,https://movie.douban.com/subject/1291858/,229646,2000
维果·莫腾森 伊利亚·伍德 西恩·奥斯汀 丽芙·泰勒 伊恩·麦克莱恩 奥兰多·布鲁姆 凯特·布兰切特 米兰达·奥图 安迪·瑟金斯 雨果·维文 多米尼克·莫纳汉 比利·博伊德 马尔顿·索克斯 卡尔·厄本 克里斯托弗·李 约翰·瑞斯-戴维斯,史诗的终章。,,彼得·杰克逊,201,剧情 动作 奇幻 冒险,The Lord of the Rings: The Return of the King,29,9.1,弗兰·威尔士 菲利帕·鲍恩斯 彼得·杰克逊 J·R·R·托尔金,指环王3：王者无敌,https://movie.douban.com/subject/1291552/,286389,2003
马修·麦康纳 安妮·海瑟薇 杰西卡·查斯坦 卡西·阿弗莱克 迈克尔·凯恩 马特·达蒙 麦肯吉·弗依 蒂莫西·柴勒梅德 艾伦·伯斯汀 约翰·利特高 韦斯·本特利 大卫·吉雅西 比尔·欧文 托弗·戈瑞斯 科莱特·沃夫 弗朗西斯·X·麦卡蒂 安德鲁·博尔巴 乔什·斯图沃特 莱雅·卡里恩斯 利亚姆·迪金森 杰夫·赫普内尔 伊莱耶斯·加贝尔 布鲁克·史密斯 大卫·奥伊罗 威廉姆·德瓦内 拉什·费加 格里芬·弗雷泽 弗洛拉·诺兰,爱是一种力量，让我们超越时空感知它的存在。,美国   英国   加拿大   冰岛,克里斯托弗·诺兰,169,剧情 科幻 冒险,Interstellar,28,9.1,乔纳森·诺兰 克里斯托弗·诺兰,星际穿越,https://movie.douban.com/subject/1889243/,488103,2014
玛德琳·卡罗尔 卡兰·麦克奥利菲 瑞贝卡·德·莫妮 安东尼·爱德华兹 约翰·马奥尼 佩内洛普·安·米勒 艾丹·奎因 凯文·韦斯曼 摩根·莉莉 肖恩·哈珀 瑞安·克茨纳 吉莉安·普法夫 迈克尔·博萨 博·勒纳 杰奎琳·埃沃拉 泰勒·格鲁秀斯,真正的幸福是来自内心深处。,美国,罗伯·莱纳,90,剧情 喜剧 爱情,Flipped,27,8.9,罗伯·莱纳 安德鲁·沙因曼 文德琳·范·德拉安南,怦然心动,https://movie.douban.com/subject/3319755/,550823,2010
亨利·方达 马丁·鲍尔萨姆 约翰·菲德勒 李·科布 E.G.马绍尔 杰克·克卢格曼  爱德华·宾斯 杰克·瓦尔登 约瑟夫·史威尼 埃德·贝格利 乔治·沃斯科维奇 罗伯特·韦伯,1957年的理想主义。 ,美国,西德尼·吕美特,96,剧情,12 Angry Men,26,9.4,雷金纳德·罗斯,十二怒汉,https://movie.douban.com/subject/1293182/,172534,1957
刘德华 梁朝伟 黄秋生 曾志伟 郑秀文 陈慧琳 陈冠希 余文乐 杜汶泽 林家栋 萧亚轩,香港电影史上永不过时的杰作。,香港,刘伟强 麦兆辉,101,剧情 悬疑 犯罪,無間道,24,9.0,麦兆辉 庄文强,无间道,https://movie.douban.com/subject/1307914/,402585,2002
威尔·史密斯 贾登·史密斯 坦迪·牛顿 布莱恩·豪威  詹姆斯·凯伦 丹·卡斯泰兰尼塔 柯特·富勒 塔卡尤·费舍尔 凯文·韦斯特 乔治·张 戴维·迈克尔·西尔弗曼 多米尼克·博夫 杰弗·卡伦 乔伊芙·拉文 斯科特·克拉斯,平民励志片。 ,美国,加布里埃莱·穆奇诺,117,剧情 家庭 传记,The Pursuit of Happyness,22,8.9,史帝文·康拉德,当幸福来敲门,https://movie.douban.com/subject/1849031/,542737,2006
弗朗索瓦·克鲁塞 奥玛·希 安娜·勒尼 奥德雷·弗勒罗 托马·索利韦尔,满满温情的高雅喜剧。,法国,奥利维埃·纳卡什 埃里克·托莱达诺,112,剧情 喜剧,Intouchables,21,9.1,奥利维埃·纳卡什 埃里克·托莱达诺,触不可及,https://movie.douban.com/subject/6786002/,368881,2011
安东内拉·阿蒂利 恩佐·卡拉瓦勒 艾萨·丹尼埃利 里奥·故罗塔 马克·莱昂纳蒂 普佩拉·玛奇奥 阿格妮丝·那诺 莱奥波多·特里耶斯泰 萨瓦特利·卡西欧 塔诺·希玛罗萨 尼古拉·迪·平托 Roberta Lena 尼诺·戴罗佐 雅克·贝汉 布丽吉特·佛西 菲利普·努瓦雷,那些吻戏，那些青春，都在影院的黑暗里被泪水冲刷得无比清晰。,意大利   法国,朱塞佩·托纳多雷,155,剧情 爱情,Nuovo Cinema Paradiso,20,9.1,Carl Paoli 朱塞佩·托纳多雷,天堂电影院,https://movie.douban.com/subject/1291828/,311626,1988
田中真弓 横泽启子 初井言荣 寺田农 常田富士男 永井一郎 糸博 鹫尾真知子 神山卓三 安原义人 槐柳二 鳕子,对天空的追逐，永不停止。 ,日本,宫崎骏,124,动画 奇幻 冒险,天空の城ラピュタ,31,9.0,宫崎骏,天空之城,https://movie.douban.com/subject/1291583/,334379,1986
蒂姆·罗斯 普路特·泰勒·文斯 比尔·努恩 梅兰尼·蒂埃里 阿尔贝托·巴斯克斯,每个人都要走一条自己坚定了的路，就算是粉身碎骨。 ,意大利,朱塞佩·托纳多雷,165,剧情 音乐,La leggenda del pianista sull'oceano,11,9.2,亚利桑德罗·巴里克 朱塞佩·托纳多雷,海上钢琴师,https://movie.douban.com/subject/1292001/,603336,1998
苏拉·沙玛 拉菲·斯波 伊尔凡·可汗 热拉尔·德帕迪约 塔布 阿迪勒·侯赛因 阿尤什·坦东 王柏杰 俊·奈托,瑰丽壮观、无人能及的冒险之旅。,,李安,127,剧情 奇幻 冒险,Life of Pi,30,9.0,扬·马特尔 大卫·麦基,少年派的奇幻漂流,https://movie.douban.com/subject/1929463/,581867,2012
莱昂纳多·迪卡普里奥 约瑟夫·高登-莱维特 艾伦·佩吉 汤姆·哈迪 渡边谦 迪利普·劳 基里安·墨菲 汤姆·贝伦杰 玛丽昂·歌迪亚 皮特·波斯尔思韦特 迈克尔·凯恩 卢卡斯·哈斯 李太力 克莱尔·吉尔蕾 马格努斯·诺兰 泰勒·吉蕾 乔纳森·吉尔 水源士郎 冈本玉二 厄尔·卡梅伦 瑞恩·海沃德 米兰达·诺兰 拉什·费加 蒂姆·科勒赫 妲露拉·莱莉,诺兰给了我们一场无法盗取的梦。,美国   英国,克里斯托弗·诺兰,148,剧情 动作 科幻 悬疑 冒险,Inception,9,9.2,克里斯托弗·诺兰,盗梦空间,https://movie.douban.com/subject/3541415/,769492,2010
本·贝尔特 艾丽莎·奈特 杰夫·格尔林 佛莱德·威拉特,小瓦力，大人生。,,安德鲁·斯坦顿,98,喜剧 爱情 科幻 动画 冒险,WALL·E,10,9.3,安德鲁·斯坦顿 吉姆·里尔顿 彼特·道格特,机器人总动员,https://movie.douban.com/subject/2131459/,502726,2008
莱昂纳多·迪卡普里奥 凯特·温丝莱特 比利·赞恩 凯西·贝茨 弗兰西丝·费舍 格劳瑞亚·斯图尔特 比尔·帕克斯顿 伯纳德·希尔 大卫·沃纳 维克多·加博 乔纳森·海德 苏茜·爱米斯 刘易斯·阿伯内西 Nicholas Cascone Anatoly M. Sagalevitch 丹尼·努齐 杰森·贝瑞 伊万·斯图尔特 艾恩·格拉法德 乔纳森·菲利普斯 马克·林赛·查普曼 理查德·格拉翰 Paul Brightwell 艾瑞克·布里登 夏洛特·查顿 博纳德·福克斯 迈克尔·英塞恩 Fannie Brett 马丁·贾维斯 Rosalind Ayres 罗切尔·罗斯 Jonathan Evans-Jones Simon Crane 爱德华德·弗莱彻 Scott Anderson Martin East 克雷格·凯利 格雷戈里·库克 Liam Tuohy James Lancaster 艾尔莎·瑞雯 Lew Palter Terry Forrestal Kevin De La Noy,失去的才是永恒的。 ,美国,詹姆斯·卡梅隆,194,剧情 爱情 灾难,Titanic,8,9.2,詹姆斯·卡梅隆,泰坦尼克号,https://movie.douban.com/subject/1292722/,659979,1997
摩根·弗里曼 布拉德·皮特 凯文·史派西 格温妮斯·帕特洛 安德鲁·凯文·沃克 约翰·卡西尼 雷格·E·凯蒂 李·厄米,警察抓小偷，老鼠玩死猫。,美国,大卫·芬奇,127,剧情 悬疑 惊悚 犯罪,Se7en,57,8.7,安德鲁·凯文·沃克,七宗罪,https://movie.douban.com/subject/1292223/,433195,1995
艾德里安·布洛迪 托马斯·克莱舒曼 艾米莉娅·福克斯 米哈乌·热布罗夫斯基 埃德·斯托帕德 穆琳·利普曼 弗兰克·芬莱 邱莉娅蕾娜 杰西卡·凯特·梅耶尔 理查德·赖丁斯,音乐能化解仇恨。,法国   德国   英国   波兰,罗曼·波兰斯基,150,剧情 传记 历史 战争,The Pianist,56,9.0,罗纳德·哈伍德,钢琴家,https://movie.douban.com/subject/1296736/,201977,2002
吴倩莲 杨贵媚 王渝文 郎雄 张艾嘉 归亚蕾 赵文瑄 陈昭荣,人生不能像做菜，把所有的料都准备好了才下锅。,台湾   美国,李安,124,剧情 家庭,飲食男女,55,9.0,李安 王蕙玲 詹姆斯·夏慕斯,饮食男女,https://movie.douban.com/subject/1291818/,194996,1994
宋康昊 吴达洙 金英爱 郭度沅 任时完,电影的现实意义大过电影本身。,,杨宇硕,127,剧情,변호인,54,9.1,杨宇硕 尹贤豪,辩护人,https://movie.douban.com/subject/21937445/,199505,2013
阿什顿·库彻 梅罗拉·沃特斯 艾米·斯马特 埃尔登·汉森 威廉姆·李·斯科特 约翰·帕特里克·阿梅多利 艾琳·戈洛瓦娅 凯文·G·施密特 杰西·詹姆斯 罗根·勒曼 莎拉·威多斯 杰克·凯斯 卡梅隆·布莱特 埃里克·斯托尔兹 考乐姆·吉斯·雷尼,人的命运被自己瞬间的抉择改变。,美国   加拿大,埃里克·布雷斯 J·麦基·格鲁伯,113,剧情 科幻 悬疑 惊悚,The Butterfly Effect,75,8.7,J·麦基·格鲁伯 埃里克·布雷斯,蝴蝶效应,https://movie.douban.com/subject/1292343/,377318,2004
莫妮卡·贝鲁奇 朱塞佩·苏尔法罗 Luciano Federico Matilde Piana 埃丽萨·莫鲁奇,美丽无罪。,意大利   美国,朱塞佩·托纳多雷,109,剧情 情色 战争,Malèna,74,8.7,朱塞佩·托纳多雷 卢恰诺·温琴佐尼,西西里的美丽传说,https://movie.douban.com/subject/1292402/,342288,2000
托妮·科莱特 菲利普·塞默·霍夫曼 巴瑞·哈姆弗莱斯 艾瑞克·巴纳 贝塔尼·维特莫尔 蕾妮·盖耶 伊恩·莫利·梅尔德伦 克里斯托弗·马西 卡罗琳·莎士比亚-艾伦 琳恩·史密斯,你是我最好的朋友，你是我唯一的朋友 。,澳大利亚,亚当·艾略特,92,剧情 动画,Mary and Max,73,8.9,亚当·艾略特,玛丽和马克思,https://movie.douban.com/subject/3072124/,230787,2009
汤姆·汉克斯 汤姆·塞兹摩尔 爱德华·伯恩斯 巴里·佩珀 亚当·戈德堡 范·迪塞尔 吉奥瓦尼·瑞比西 杰瑞米·戴维斯 马特·达蒙 特德·丹森 保罗·吉亚玛提 丹尼斯·法里纳 马克斯·马蒂尼 丹兰·布鲁诺 安德鲁·斯科特,美利坚精神输出大片No1.,,史蒂文·斯皮尔伯格,169,剧情 历史 战争,Saving Private Ryan,72,8.8,罗伯特·罗达特,拯救大兵瑞恩,https://movie.douban.com/subject/1292849/,234290,1998
基努·里维斯 凯瑞-安·莫斯 劳伦斯·菲什伯恩 雨果·维文 格洛丽亚·福斯特 乔·潘托里亚诺 马库斯·钟 朱利安·阿拉汗加 马特·多兰,视觉革命。,美国   澳大利亚,莉莉·沃卓斯基 拉娜·沃卓斯基,136,动作 科幻,The Matrix,71,8.8,莉莉·沃卓斯基 拉娜·沃卓斯基,黑客帝国,https://movie.douban.com/subject/1291843/,277276,1999
朱迪·福斯特 安东尼·霍普金斯 斯科特·格伦 安东尼·希尔德 布鲁克·史密斯 卡斯·莱蒙斯 弗兰基·费森 泰德·拉文 崔西·沃特 丹·巴特勒 达拉,安东尼·霍普金斯的顶级表演。,美国,乔纳森·戴米,118,剧情 惊悚 犯罪,The Silence of the Lambs,70,8.7,托马斯·哈里斯 泰德·塔里,沉默的羔羊,https://movie.douban.com/subject/1293544/,349600,1991
本木雅弘 广末凉子 山崎努 吉行和子 笹野高史 余贵美子,死可能是一道门，逝去并不是终结，而是超越，走向下一程。,,泷田洋二郎,130,剧情,おくりびと,69,8.8,小山薰堂,入殓师,https://movie.douban.com/subject/2149806/,316460,2008
凯特·布兰切特 布拉德·皮特 朱莉娅·奥蒙德 芳妮·A·钱勃丝 伊莱亚斯·科泰斯 杰森·弗莱明 大卫·詹森 蒂尔达·斯文顿 艾丽·范宁 Joeanna Sayler 乔什·斯图沃特 丹尼·文森 塔拉吉·P·汉森 马赫沙拉·阿里 Fiona Hale Donna Duplantier 兰斯·E·尼克尔斯 Ted Manson Clay Cullen 菲利斯·萨莫维尔 杰瑞德·哈里斯 麦迪逊·贝蒂 汤姆·埃沃雷特 Christopher Maxwell 伊利亚·沃里克,在时间之河里感受溺水之苦。,美国,大卫·芬奇,166,剧情 爱情 奇幻,The Curious Case of Benjamin Button,68,8.7,艾瑞克·罗斯 罗宾·史威考德 F·司各特·菲茨杰拉德,本杰明·巴顿奇事,https://movie.douban.com/subject/1485260/,389634,2008
薛耿求 严志媛 李来 金海淑 金相浩 罗美兰 杨真诚,受过伤害的人总是笑得最开心，因为他们不愿意让身边的人承受一样的痛苦。,,李濬益,123,剧情 家庭 犯罪,소원,67,9.1,金智慧 赵重勋,素媛,https://movie.douban.com/subject/21937452/,173944,2013
约翰·特拉沃尔塔 乌玛·瑟曼 阿曼达·普拉莫 蒂姆·罗斯 塞缪尔·杰克逊 菲尔·拉马 布鲁斯·威利斯 弗兰克·威利 布尔·斯蒂尔斯 文·瑞姆斯 劳拉·拉芙蕾丝 保罗·考尔德伦 布罗娜·加拉赫 罗姗娜·阿奎特 埃里克·斯托尔兹 玛丽亚·德·梅黛洛,故事的高级讲法。,美国,昆汀·塔伦蒂诺,154,剧情 喜剧 犯罪,Pulp Fiction,66,8.7,昆汀·塔伦蒂诺 罗杰·阿夫瑞,低俗小说,https://movie.douban.com/subject/1291832/,330998,1994
朱莉·安德鲁斯 克里斯托弗·普卢默 埃琳诺·帕克 理查德·海顿 佩吉·伍德 查尔敏·卡尔 Heather Menzies 尼古拉斯·哈蒙德 Duane Chase 安吉拉·卡特怀特 Debbie Turner Kym Karath 安娜·李 Portia Nelson 本·怀特 Daniel Truhitte 诺玛·威登 Gilchrist Stuart Marni Nixon Evadne Baker 多丽丝·劳埃德,用音乐化解仇恨，让歌声串起美好。,美国,罗伯特·怀斯,174,剧情 爱情 歌舞 家庭 传记,The Sound of Music,65,8.9,恩斯特·莱赫曼,音乐之声,https://movie.douban.com/subject/1294408/,230123,1965
萨姆·沃辛顿 佐伊·索尔达娜 西格妮·韦弗 史蒂芬·朗 米歇尔·罗德里格兹 乔·大卫·摩尔  吉奥瓦尼·瑞比西,绝对意义上的美轮美奂。,,詹姆斯·卡梅隆,162,动作 科幻 奇幻 冒险,Avatar,100,8.6,詹姆斯·卡梅隆,阿凡达,https://movie.douban.com/subject/1652587/,519083,2009
查理·卓别林 宝莲·高黛 亨利·伯格曼 Tiny Sandford 切斯特·康克林,大时代中的人生，小人物的悲喜。,美国,查理·卓别林,87,剧情 喜剧 爱情,Modern Times,99,9.2,查理·卓别林,摩登时代,https://movie.douban.com/subject/1294371/,85678,1936
伊桑·霍克 朱莉·德尔佩 安德莉亚·埃克特 汉诺·波西尔 Karl Bruckschwaiger,缘分是个连绵词，最美不过一瞬。,美国   奥地利   瑞士,理查德·林克莱特,101,剧情 爱情,Before Sunrise,98,8.7,理查德·林克莱特 金·克里桑,爱在黎明破晓前,https://movie.douban.com/subject/1296339/,215275,1995
希斯·莱杰 杰克·吉伦哈尔 米歇尔·威廉姆斯 安妮·海瑟薇 凯特·玛拉 兰迪·奎德 琳达·卡德里尼 安娜·法瑞丝 格拉汉姆·贝克尔 斯科特·迈克尔·坎贝尔 大卫·哈伯 Roberta Maxwell 皮特·麦克罗比,每个人心中都有一座断背山。,,李安,134,剧情 爱情 同性 家庭,Brokeback Mountain,97,8.6,拉里·麦克穆特瑞 Diana Ossana 安妮·普鲁,断背山,https://movie.douban.com/subject/1418834/,312265,2005
尊龙 陈冲 彼得·奥图尔 英若诚 黄自强 丹尼斯·邓恩 坂本龙一 马吉·汉 里克·扬 邬君梅 田川洋行 苟杰德 理查德·吴 皱缇格 陈凯歌 吴涛 卢燕 亨利·欧 陈述 樊光耀 鲍皓昕 黄文捷 Ruzhen Shao Henry Kyi 张良斌 Dong Liang 康斯坦丁·格雷戈里 Lucia Hwong 王涛 宋怀桂,“不要跟我比惨，我比你更惨”再适合这部电影不过了。,意大利   中国大陆   英国   法国,贝纳尔多·贝托鲁奇,163,剧情 传记 历史,The Last Emperor,96,8.9,贝纳尔多·贝托鲁奇 马克·派普罗,末代皇帝,https://movie.douban.com/subject/1293172/,159466,1987
约翰尼·德普 杰弗里·拉什 奥兰多·布鲁姆 凯拉·奈特莉 杰克·达文波特 乔纳森·普雷斯,约翰尼·德普的独角戏。,美国,戈尔·维宾斯基,143,动作 奇幻 冒险,Pirates of the Caribbean: The Curse of the Black Pearl,95,8.6,泰德·艾略特 特里·鲁西奥 斯图尔特·贝亚蒂耶 Jay Wolpert,加勒比海盗,https://movie.douban.com/subject/1298070/,336400,2003
拉尔夫·费因斯 托尼·雷沃罗利 艾德里安·布洛迪 威廉·达福 裘德·洛 爱德华·诺顿 西尔莎·罗南 蒂尔达·斯文顿 比尔·默瑞 蕾雅·赛杜 欧文·威尔逊 詹森·舒瓦兹曼 马修·阿马立克 F·默里·亚伯拉罕 汤姆·威尔金森 杰夫·高布伦 哈威·凯特尔,小清新的故事里注入了大历史的情怀。,,韦斯·安德森,99,剧情 喜剧,The Grand Budapest Hotel,94,8.7,韦斯·安德森 雨果·吉尼斯 斯蒂芬·茨威格,布达佩斯大饭店,https://movie.douban.com/subject/11525673/,300901,2014
麦斯·米科尔森 托玛斯·博·拉森 安妮卡·韦德科普 拉塞·福格尔斯特伦 苏西·沃德 安妮·路易丝·哈辛 拉斯·兰特 亚历山德拉·拉帕波特,人言可畏。,丹麦   瑞典,托马斯·温特伯格,115,剧情,Jagten,93,9.0,托马斯·温特伯格 托比亚斯·林道赫姆,狩猎,https://movie.douban.com/subject/6985810/,123538,2012
松隆子 冈田将生 木村佳乃 西井幸人 桥本爱 芦田爱菜 三吉彩花 藤原薰 井之胁海 清水尚弥 高桥努 一井直树 能年玲奈 新井浩文 野本萤,没有一人完全善，也没有一人完全恶。,,中岛哲也,106,剧情 惊悚,,92,8.7,中岛哲也 凑佳苗,告白,https://movie.douban.com/subject/4268598/,335827,2010
吴念真 李凯莉 金燕玲 张洋洋 萧淑慎 尾形一成 陈希圣 林孟瑾 陈以文 柯宇纶 张育邦 柯素云 唐如韫 徐淑媛 曾心怡 陶传正,我们都曾经是一一。,台湾   日本,杨德昌,173,剧情 爱情 家庭,,91,8.9,杨德昌,一一,https://movie.douban.com/subject/1292434/,152929,2000
约翰·库萨克 雷·利奥塔 阿曼达·皮特 阿尔弗雷德·莫里纳 克里·杜瓦尔,最不可能的那个人永远是最可能的。,美国,詹姆斯·曼高德,90,剧情 悬疑 惊悚,Identity,90,8.6,Michael Cooney,致命ID,https://movie.douban.com/subject/1297192/,312400,2003
沈恩京 闵孝琳 姜素拉 南宝拉 陈熙京 金时厚 柳好贞 朴真珠 金甫美 千禹熙 李璟荣,再多各自牛逼的时光，也比不上一起傻逼的岁月。 ,韩国,姜炯哲,124,剧情 喜剧,써니,89,8.8,姜炯哲,阳光姐妹淘,https://movie.douban.com/subject/4917726/,263757,2011
亚历桑德雷·罗德里格斯 莱安德鲁·菲尔米诺 菲利佩·哈根森 道格拉斯·席尔瓦 Jonathan Haagensen 马修斯·纳克加勒 索·豪黑 艾莉丝·布拉加,被上帝抛弃了的上帝之城。,巴西   法国,卡迪亚·兰德 费尔南多·梅里尔斯,130,剧情 犯罪,Cidade de Deus,88,8.9,布罗里欧·曼托伐尼 Paulo Lins,上帝之城,https://movie.douban.com/subject/1292208/,156043,2002
黎明 张曼玉 杨恭如 曾志伟 杜可风 张同祖 诸慧荷 丁羽,相逢只要一瞬间，等待却像是一辈子。,香港,陈可辛,118,剧情 爱情,,87,8.7,岸西,甜蜜蜜,https://movie.douban.com/subject/1305164/,229042,1996
莱昂纳多·迪卡普里奥 马克·鲁弗洛 本·金斯利 马克斯·冯·叙多夫 米歇尔·威廉姆斯 艾米莉·莫迪默 派翠西娅·克拉克森 杰基·厄尔·哈利 泰德·拉文 约翰·卡洛·林奇 伊莱亚斯·科泰斯 罗宾·巴特利特 克里斯托弗·邓汉 约瑟夫·斯科拉,昔日翩翩少年，今日大腹便便。,美国,马丁·斯科塞斯,138,剧情 悬疑 惊悚,Shutter Island,86,8.6,莱塔·卡罗格里迪斯 丹尼斯·勒翰,禁闭岛,https://movie.douban.com/subject/2334904/,352528,2010
梁朝伟 林青霞 张国荣 叶玉卿 张学友 王祖贤 张曼玉 梁家辉 刘嘉玲 钟镇涛 鲍起静,百看不厌。 ,香港,刘镇伟,113,喜剧 古装,射鵰英雄傳之東成西就,85,8.7,刘镇伟,射雕英雄传之东成西就,https://movie.douban.com/subject/1316510/,271303,1993
林青霞 金城武 梁朝伟 王菲 周嘉玲,寂寞没有期限。,香港,王家卫,102,剧情 爱情,重慶森林,84,8.6,王家卫,重庆森林,https://movie.douban.com/subject/1291999/,323731,1994
伊万·麦克格雷格 阿尔伯特·芬尼 比利·克鲁德普 杰西卡·兰格 海伦娜·伯翰·卡特 艾莉森·洛曼 罗伯特·吉尔劳姆 玛丽昂·歌迪亚 马修·麦克格罗里 大卫·丹曼 米西·派勒 卢顿·万恩怀特三世 艾达·泰 艾伦妮·泰 史蒂夫·布西密 丹尼·德维托 迪普·罗伊 海利·安妮·内尔森,抱着梦想而活着的人是幸福的，怀抱梦想而死去的人是不朽的。,美国,蒂姆·波顿,125,剧情 家庭 奇幻 冒险,Big Fish,83,8.7,Daniel Wallace 约翰·奥古斯特,大鱼,https://movie.douban.com/subject/1291545/,248529,2003
夏雨 宁静 陶虹 耿乐 斯琴高娃 冯小刚 姜文 王学圻 王朔 尚楠 方化 代少波 王海 姚二嘎 吴淑昆 左小青,一场华丽的意淫。,中国大陆   香港,姜文,134,剧情,,81,8.7,姜文 王朔,阳光灿烂的日子,https://movie.douban.com/subject/1291875/,266162,1994
布鲁斯·威利斯 海利·乔·奥斯蒙 托妮·科莱特 奥莉维亚·威廉姆斯 唐尼·沃尔伯格 特拉沃·摩根 彼得·安东尼·唐伯蒂斯 格伦·菲茨杰拉德 米莎·巴顿 Lisa Summerour Firdous Bamji 杰弗里·泽布尼斯,深入内心的恐怖，出人意料的结局。,美国,M·奈特·沙马兰,107,剧情 悬疑 恐怖,The Sixth Sense,80,8.8,M·奈特·沙马兰,第六感,https://movie.douban.com/subject/1297630/,231430,1999
松田洋治 石田百合子 田中裕子 小林薰 西村雅彦 上条恒彦 岛本须美 渡边哲 佐藤允 名古屋章 美轮明宏 森光子 森繁久弥,人与自然的战争史诗。,日本,宫崎骏,134,动作 爱情 动画 战争 奇幻 冒险,もののけ姫,79,8.8,宫崎骏,幽灵公主,https://movie.douban.com/subject/1297359/,231428,1997
姜文 葛优 周润发 刘嘉玲 陈坤 张默 姜武 周韵 廖凡 姚橹 邵兵 苗圃 冯小刚 胡军 马珂 白冰 杜奕衡 李静 胡明 危笑 杨奇雨 赵铭,你给我翻译翻译，神马叫做TMD的惊喜。,中国大陆   香港,姜文,132,剧情 喜剧 动作 西部,,78,8.7,朱苏进 述平 姜文 郭俊立 危笑 李不空 马识途,让子弹飞,https://movie.douban.com/subject/3742360/,614370,2010
张国荣 梁朝伟 张震,爱情纠缠，男女一致。,香港   日本   韩国,王家卫,96,剧情 爱情 同性,春光乍洩,77,8.8,王家卫,春光乍泄,https://movie.douban.com/subject/1292679/,241626,1997
马特·达蒙 罗宾·威廉姆斯 本·阿弗莱克 斯特兰·斯卡斯加德 明妮·德里弗 卡西·阿弗莱克 科尔·豪瑟 John Mighton Rachel Majorowski Colleen McCauley Matt Mercier Ralph St. George Rob Lynds Dan Washington Alison Folland,人生中应该拥有这样的一段豁然开朗。,美国,格斯·范·桑特,126,剧情,Good Will Hunting,76,8.7,本·阿弗莱克 马特·达蒙,心灵捕手,https://movie.douban.com/subject/1292656/,266630,1997
金妮弗·古德温 杰森·贝特曼 伊德里斯·艾尔巴 珍妮·斯蕾特 内特·托伦斯 邦尼·亨特 唐·雷克 汤米·钟 J·K·西蒙斯 奥克塔维亚·斯宾瑟 艾伦·图代克 夏奇拉 雷蒙德·S·佩尔西 德拉·萨巴 莫里斯·拉马奇 菲尔·约翰斯顿 约翰·迪·玛吉欧 凯蒂·洛斯 吉塔·雷迪 杰西·科尔蒂 汤米·利斯特 乔希·达拉斯 瑞奇·摩尔 凯斯·索西 彼得·曼斯布里奇 拜伦·霍华德 杰拉德·布什 马克·史密斯 乔西·特立尼达 约翰·拉维尔 克里斯汀·贝尔 吉尔·科德斯 梅利莎·古德温,迪士尼给我们营造的乌托邦就是这样，永远善良勇敢，永远出乎意料。,美国,拜伦·霍华德 瑞奇·摩尔 杰拉德·布什,109,喜剧 动画 冒险,Zootopia,64,9.2,拜伦·霍华德 瑞奇·摩尔 杰拉德·布什 吉姆·里尔顿 乔西·特立尼达 菲尔·约翰斯顿 珍妮弗·李,疯狂动物城,https://movie.douban.com/subject/25662329/,490123,2016
约翰尼·德普 薇诺娜·瑞德 黛安·韦斯特 安东尼·迈克尔·豪尔 凯西·贝克 罗伯特·奥利维里 康查塔·费雷尔 卡罗琳·阿隆 迪克·安东尼·威廉姆斯 澳澜·琼斯 文森特·普莱斯 艾伦·阿金 苏珊·布洛马特 Linda Perri 约翰·戴维森,浪漫忧郁的成人童话。,美国,蒂姆·波顿,105,剧情 爱情 奇幻,Edward Scissorhands,63,8.7,卡罗琳·汤普森 蒂姆·波顿,剪刀手爱德华,https://movie.douban.com/subject/1292370/,480447,1990
梅尔·吉布森 苏菲·玛索 布莱恩·考克斯 詹姆斯·卡沙莫 辛·劳洛 凯瑟琳·麦克马克 安古斯·麦克菲登,史诗大片的典范。,美国,梅尔·吉布森,177,剧情 动作 传记 历史 战争,Braveheart,62,8.8,兰道尔·华莱士,勇敢的心,https://movie.douban.com/subject/1294639/,293913,1995
Amir Farrokh Hashemian 默罕默德·阿米尔·纳吉 Bahare Seddiqi Nafise Jafar-Mohammadi Fereshte Sarabandi,奔跑的孩子是天使。,,马基德·马基迪,89,剧情 家庭 儿童,بچههای آسمان,61,9.2,马基德·马基迪,小鞋子,https://movie.douban.com/subject/1303021/,135405,1997
克里斯蒂安·贝尔 休·杰克曼 迈克尔·凯恩 斯嘉丽·约翰逊 丽贝卡·豪尔 大卫·鲍伊 安迪·瑟金斯,孪生蝙蝠侠大战克隆金刚狼。,美国   英国,克里斯托弗·诺兰,130,剧情 悬疑 惊悚,The Prestige,60,8.8,乔纳森·诺兰 克里斯托弗·诺兰 克里斯托弗·普瑞丝特,致命魔术,https://movie.douban.com/subject/1780330/,340556,2006
中谷美纪 瑛太 香川照之 市川实日子 伊势谷友介 柄本明 黑泽明日香 荒川良良 柴崎幸 土屋安娜 奥之矢佳奈 谷原章介 武田真治 片平渚 宫藤官九郎 角野卓造 田中要次 木村凯拉 谷中敦 剧团一人,以戏谑来戏谑戏谑。,日本,中岛哲也,130,剧情 歌舞,嫌われ松子の一生,59,8.9,中岛哲也 山田宗树,被嫌弃的松子的一生,https://movie.douban.com/subject/1787291/,279417,2006
乔纳森·泰勒·托马斯 马修·布罗德里克 杰瑞米·艾恩斯 詹姆斯·厄尔·琼斯 莫伊拉·凯利 内森·连恩 尼基塔·卡兰姆 埃林·萨贝拉 乌比·戈德堡 罗温·艾金森,动物版《哈姆雷特》。,美国,罗杰·阿勒斯 罗伯·明可夫,89,剧情 动画 歌舞 家庭 冒险,The Lion King,58,8.9,艾琳·梅琪 乔纳森·罗伯特  琳达·伍尔芙顿,狮子王,https://movie.douban.com/subject/1301753/,279783,1994
罗伯特·德尼罗 詹姆斯·伍兹 伊丽莎白·麦戈文 乔·佩西 波特·杨 塔斯黛·韦尔德 特里特·威廉斯 丹尼·爱罗 理查德·布赖特 詹姆斯·海登 威廉·弗西斯 达兰妮·弗鲁格 拉里·拉普 理查德·弗让吉 罗伯特·哈珀,往事如烟，无处祭奠。,,赛尔乔·莱翁内,229,剧情 犯罪,Once Upon a Time in America,53,9.1,皮耶罗·德·贝纳迪 莱奥纳多·本韦努蒂 弗兰科·奥卡利 恩里科·梅迪欧力 弗兰科·费里尼 赛尔乔·莱翁内,美国往事,https://movie.douban.com/subject/1292262/,173841,1984
邱岳峰 富润生 毕克 尚华 于鼎 李梓 刘广宁,经典之作，历久弥新。,中国大陆,万籁鸣 唐澄,114,动画 奇幻,,82,9.2,李克弱 万籁鸣,大闹天宫,https://movie.douban.com/subject/1418019/,96203,1961
奥黛丽·塔图 马修·卡索维茨 吕菲斯 洛莱拉·克拉沃塔 塞尔日·梅兰 贾梅尔·杜布兹 克洛蒂尔德·莫勒 克莱尔·莫里耶 伊莎贝尔·南蒂 多米尼克·皮侬 阿尔蒂斯·德·彭居埃恩 友兰达·梦露 于尔班·康塞利埃 莫里斯·贝尼舒 米歇尔·罗班 安德烈·达芒 克洛德·佩隆 阿尔梅尔 迪基·奥尔加多 Kevin Fernandes 弗洛拉·吉耶 阿莫里·巴博尔 欧仁·贝蒂埃 让·达里 马克·阿米约,法式小清新。 ,法国   德国,让-皮埃尔·热内,122,喜剧 爱情,Le fabuleux destin d'Amélie Poulain,52,8.7,纪尧姆·洛朗 让-皮埃尔·热内,天使爱美丽,https://movie.douban.com/subject/1292215/,480682,2001
中山美穗 丰川悦司 酒井美纪 柏原崇 范文雀 篠原胜之 光石研 小栗香织 酒井敏也 铃木庆一 田口智朗 神户浩 加贺麻理子 中村久美 盐见三省 铃木兰兰,暗恋的极致。,日本,岩井俊二,117,剧情 爱情,Love Letter,51,8.8,岩井俊二,情书,https://movie.douban.com/subject/1292220/,373303,1995
阿萨·巴特菲尔德 维拉·法米加 大卫·休里斯 杰克·塞隆 鲁伯特·弗兰德 谢拉·汉考克 大卫·海曼 贝拉·费斯彼姆,尽管有些不切实际的幻想，这部电影依旧是一部感人肺腑的佳作。,英国   美国,马克·赫尔曼,94,剧情 战争,The Boy in the Striped Pajamas,107,8.9,马克·赫尔曼 约翰·伯恩,穿条纹睡衣的男孩,https://movie.douban.com/subject/3008247/,137930,2008
辰己努 白石绫乃 志乃原良子 山口朱美 端田宏三,幸福是生生不息，却难以触及的远。 ,日本,高畑勋,89,剧情 动画 战争,火垂るの墓,106,8.7,高畑勋 野坂昭如,萤火虫之墓,https://movie.douban.com/subject/1293318/,199702,1988
本名阳子 小林桂树 高山南 高桥一生 山下容莉枝 室井滋 露口茂 饭冢雅弓,少女情怀总是诗。,日本,近藤喜文,111,剧情 爱情 动画 音乐,耳をすませば,105,8.8,宫崎骏 柊葵,侧耳倾听,https://movie.douban.com/subject/1297052/,163971,1995
伊桑·霍克 朱莉·德尔佩 弗农·多布切夫,九年后的重逢是世俗和责任的交叠，没了悸动和青涩，沧桑而温暖。,美国,理查德·林克莱特,80,剧情 爱情,Before Sunset,104,8.7,理查德·林克莱特 朱莉·德尔佩 伊桑·霍克 金·克里桑,爱在日落黄昏时,https://movie.douban.com/subject/1291990/,194365,2004
达斯汀·霍夫曼 汤姆·克鲁斯 瓦莱丽亚·戈利诺 邦尼·亨特,生活在自己的世界里，也可以让周围的人显得可笑和渺小。,美国,巴瑞·莱文森,133,剧情,Rain Man,125,8.6,罗纳德·巴斯 巴里·莫罗,雨人,https://movie.douban.com/subject/1291870/,205385,1988
休·格兰特 科林·费尔斯 艾玛·汤普森 凯拉·奈特莉 连姆·尼森 托马斯·布罗迪-桑斯特 比尔·奈伊 马丁·弗瑞曼 劳拉·琳妮 艾伦·瑞克曼 克里斯·马歇尔 罗德里戈·桑托罗 罗温·艾金森 比利·鲍伯·松顿 玛汀·麦古基安 安德鲁·林肯 露西娅·莫尼斯 海克·玛卡琪,爱，是个动词。,,理查德·柯蒂斯,135,剧情 喜剧 爱情,Love Actually,124,8.5,理查德·柯蒂斯,真爱至上,https://movie.douban.com/subject/1292401/,301285,2003
安东尼·霍普金斯 布拉德·皮特 朱莉娅·奥蒙德 艾丹·奎因 卡琳娜·隆巴德 亨利·托马斯,传奇，不是每个人都可以拥有。,美国,爱德华·兹威克,133,剧情 爱情 家庭 西部,Legends of the Fall,123,8.8,威廉·D·威特利夫 Susan Shilliday,燃情岁月,https://movie.douban.com/subject/1295865/,146368,1994
林原惠美 古谷彻 江守彻 山寺宏一 堀胜之祐 大塚明夫 岩田光央 田中秀幸,梦的勾结。,日本,今敏,90,科幻 动画 悬疑 惊悚,パプリカ,122,8.8,水上清资 今敏 筒井康隆,红辣椒,https://movie.douban.com/subject/1865703/,126940,2006
志田未来 神木隆之介 树木希林 三浦友和 大竹忍 竹下景子 藤原龙也,曾经的那段美好会沉淀为一辈子的记忆。,,米林宏昌,94,动画 奇幻 冒险,借りぐらしのアリエッティ,121,8.7,宫崎骏 丹羽圭子 玛丽·诺顿,借东西的小人阿莉埃蒂,https://movie.douban.com/subject/4202302/,210785,2010
马特·达蒙 朱丽娅·斯蒂尔斯 大卫·斯特雷泽恩 斯科特·格伦 帕迪·康斯戴恩 埃德加·拉米雷兹 阿尔伯特·芬尼 琼·艾伦 Tom Gallop 克里·约翰逊 丹尼尔·布鲁尔 乔伊·安沙 科林·斯廷顿 丹·弗雷登堡 Lucy Liemann,像吃了苏打饼一样干脆的电影。,美国   德国,保罗·格林格拉斯,115,动作 悬疑 惊悚,The Bourne Ultimatum,120,8.7,托尼·吉尔罗伊 斯科特·Z·本恩斯,谍影重重3,https://movie.douban.com/subject/1578507/,176301,2007
史蒂夫·卡瑞尔 杰森·席格尔 拉塞尔·布兰德 朱莉·安德鲁斯 威尔·阿奈特 克里斯汀·韦格 米兰达·卡斯格拉夫 达纳·盖尔 艾尔西·费舍尔 皮埃尔·科凡 克里斯·雷纳德 杰梅奈·克莱门特 杰克·麦克布瑞尔 丹尼·麦克布莱德 敏迪·卡灵 罗布·许贝尔 肯·道里欧 郑肯,Mr. I Don't Care其实也有Care的时候。,,皮埃尔·科凡 克里斯·雷纳德,95,喜剧 动画 冒险,Despicable Me,118,8.5,肯·道里欧 塞尔希奥·巴勃罗斯 辛科·保罗,神偷奶爸,https://movie.douban.com/subject/3287562/,364047,2010
吴君如 任达华 钟绍图 李治廷 蔡颖恩 秦沛 夏萍 谷德昭 许鞍华 张同祖,岁月流逝，来日可追。,香港   中国大陆,罗启锐,117,剧情 家庭,歲月神偷,117,8.6,罗启锐 张婉婷,岁月神偷,https://movie.douban.com/subject/3792799/,300829,2010
河正宇 李璟荣 全慧珍 李大为,恐怖分子的“秋菊打官司”。,韩国,金秉祐,97,剧情 悬疑 犯罪,더 테러 라이브,115,8.7,金秉祐,恐怖直播,https://movie.douban.com/subject/21360417/,210263,2013
张国荣 王祖贤 午马 刘兆铭 林威 薛芷伦 胡大为 王晶,两张绝世的脸。 ,香港,程小东,98,剧情 爱情 武侠 古装,,114,8.6,阮继志,倩女幽魂,https://movie.douban.com/subject/1297447/,241613,1987
汤姆·汉克斯 蒂姆·艾伦 琼·库萨克 尼德·巴蒂 唐·里克斯 迈克尔·基顿,跨度十五年的欢乐与泪水。,,李·昂克里奇,103,喜剧 动画 奇幻 冒险,Toy Story 3,149,8.7,迈克尔·阿恩特 约翰·拉塞特 安德鲁·斯坦顿 李·昂克里奇,玩具总动员3,https://movie.douban.com/subject/1858711/,186720,2010
佐仓绫音 内山昂辉,触不到的恋人。,,大森贵弘,45,剧情 爱情 动画 奇幻,蛍火の杜へ,148,8.7,绿川幸,萤火之森,https://movie.douban.com/subject/5989818/,150076,2011
周润发 张国荣 钟楚红 朱江 曾江 胡枫 唐宁 邓一君,香港浪漫主义警匪动作片的巅峰之作。,香港,吴宇森,108,剧情 喜剧 动作 犯罪,緃横四海,147,8.7,吴宇森 高志森 秦小珍,纵横四海,https://movie.douban.com/subject/1295409/,138217,1991
凯文·科斯特纳 劳拉·邓恩 克林特·伊斯特伍德 T·J·劳瑟 基斯·斯扎拉巴基克,坏人的好总是比好人的好来得更感人。,美国,克林特·伊斯特伍德,138,剧情 犯罪,A Perfect World,146,9.0,约翰·李·汉考克,完美的世界,https://movie.douban.com/subject/1300992/,76525,1993
阿尔·帕西诺 黛安·基顿 塔莉娅·夏尔 安迪·加西亚 埃里·瓦拉赫 乔·曼特纳 乔治·汉密尔顿 布里吉特·芳达 索菲亚·科波拉 雷夫·瓦朗 弗兰克·德安布罗西奥 敦尔·当纳利 理查德·布赖特 赫尔穆特·贝格 唐·诺韦洛,任何信念的力量，都无法改变命运。,美国,弗朗西斯·福特·科波拉,170,剧情 犯罪,The Godfather: Part III,145,8.7,马里奥·普佐 弗朗西斯·福特·科波拉,教父3,https://movie.douban.com/subject/1294240/,125163,1990
凯拉·奈特莉 马修·麦克费登 唐纳德·萨瑟兰 布兰达·布莱斯 凯瑞·穆里根 裴淳华 吉娜·马隆 妲露拉·莱莉 朱迪·丹奇 西蒙·伍兹 克劳迪·布莱克利 汤姆·霍兰德 鲁伯特·弗兰德 凯利·蕾莉 皮普·托伦斯 西妮德·马修斯,爱是摈弃傲慢与偏见之后的曙光。,法国   英国   美国,乔·赖特,129,剧情 爱情,Pride & Prejudice,144,8.4,简·奥斯汀 黛博拉·莫盖茨,傲慢与偏见,https://movie.douban.com/subject/1418200/,291465,2005
吉恩·凯利 唐纳德·奥康纳 黛比·雷诺斯 赛德·查里斯 简·哈根,骨灰级歌舞片。,美国,斯坦利·多南 吉恩·凯利,103,喜剧 爱情 歌舞,Singin' in the Rain,143,8.9,阿多夫·格林 贝蒂·康登,雨中曲,https://movie.douban.com/subject/1293460/,90716,1952
瑞恩·高斯林 瑞秋·麦克亚当斯 吉娜·罗兰兹 詹姆斯·加纳 斯塔尔勒塔·杜波利斯 凯文·康诺利 希瑟·沃奎斯特 杰弗里·奈特 琼·艾伦,爱情没有那么多借口，如果不能圆满，只能说明爱的不够。 ,美国,尼克·卡萨维茨,123,剧情 爱情,The Notebook,142,8.5,扬·萨尔迪 杰里米·莱文 尼古拉斯·斯帕克斯,恋恋笔记本,https://movie.douban.com/subject/1309163/,272427,2004
周润发 狄龙 张国荣 朱宝意 李子雄 田丰 吴宇森 曾江 成奎安 徐克,英雄泪短，兄弟情长。 ,香港,吴宇森,95,动作 犯罪,,141,8.7,陈庆嘉 吴宇森 梁淑华,英雄本色,https://movie.douban.com/subject/1297574/,144688,1986
伊万·麦克格雷格 艾文·布莱纳 约翰尼·李·米勒 凯文·麦克基德 罗伯特·卡莱尔 凯莉·麦克唐纳 彼得·穆兰 詹姆斯·卡沙莫 艾琳·尼古拉斯 苏珊·维德勒 波林·林奇 雪莉·亨德森 斯图尔特·麦克奎里 埃文·威尔什 戴尔·温顿 基思·艾伦 凯文·艾伦 芬利·威尔士 约翰·霍奇 汤姆·德尔玛,不可猜的青春迷笛。 ,英国,丹尼·博伊尔,94,剧情 犯罪,Trainspotting,140,8.5,约翰·霍奇 埃文·威尔什,猜火车,https://movie.douban.com/subject/1292528/,243075,1996
仲里依纱 石田卓也 板仓光隆 原沙知绘 谷村美月 垣内彩未 关户优希,爱上未来的你。 ,,细田守,98,剧情 爱情 科幻 动画,時をかける少女,139,8.6,奥寺佐渡子 筒井康隆,穿越时空的少女,https://movie.douban.com/subject/1937946/,180541,2006
费雯·丽 罗伯特·泰勒 露塞尔·沃特森 弗吉尼亚·菲尔德 玛丽亚·彭斯卡娅,中国式内在的美国电影。,美国,茂文·勒鲁瓦,108,剧情 爱情 战争,Waterloo Bridge,138,8.8,乔治·弗罗斯切尔 Hans Rameau 罗伯特·E·舍伍德 塞缪尔·N·贝尔曼,魂断蓝桥,https://movie.douban.com/subject/1293964/,126321,1940
周星驰 张柏芝 莫文蔚 吴孟达 林子善 田启文 李兆基 成龙 李思捷 郑文辉,我是一个演员。,香港,周星驰 李力持,85,剧情 喜剧 爱情,喜劇之王,137,8.5,曾瑾昌 周星驰 李敏 郑文辉 冯勉恒 梁嘉杰,喜剧之王,https://movie.douban.com/subject/1302425/,299043,1999
娜塔莉·波特曼 米拉·库尼斯 薇诺娜·瑞德 文森特·卡索 芭芭拉·赫希 本杰明·米派德 克塞尼亚·索罗 克里斯汀娜·安娜波 詹妮特·蒙哥马利 塞巴斯蒂安·斯坦 托比·海明威 塞尔吉奥·托拉多 马克·马戈利斯,黑暗之美。,美国,达伦·阿伦诺夫斯基,108,剧情 惊悚,Black Swan,136,8.5,安德雷斯·海因斯 马克·海曼 约翰·J·麦克劳克林,黑天鹅,https://movie.douban.com/subject/1978709/,405994,2010
三船敏郎 志村乔 稻叶义男 宫口精二 千秋实 加东大介 木村功,时代悲歌。,日本,黑泽明,160,剧情 动作 冒险,七人の侍,116,9.2,黑泽明 小国英雄 桥本忍,七武士,https://movie.douban.com/subject/1295399/,75244,1954
桥本爱 三浦贵大 松冈茉优 温水洋一 桐岛加恋,那些静得只能听见呼吸的日子里，你明白孤独即生活。,日本,森淳一,111,剧情,夏秋篇 リトル・フォレスト 夏・秋,135,8.9,五十岚大介 森淳一,小森林,https://movie.douban.com/subject/25814705/,122044,2014
唐·钱德尔 苏菲·奥康内多 杰昆·菲尼克斯 尼克·诺特 哈基姆·凯-卡西姆 托尼·戈罗奇 法纳·莫科纳 大卫·奥哈拉 莫苏西·麦格诺 西莫·莫加瓦扎 卡拉·西摩 罗伯托·西特兰 Desmond Dube 蕾乐蒂·库马洛,当这个世界闭上双眼，他却敞开了怀抱。,,特瑞·乔治,121,剧情 历史 战争,Hotel Rwanda,134,8.8,特瑞·乔治 凯尔·皮尔森,卢旺达饭店,https://movie.douban.com/subject/1291822/,115593,2004
约翰·古德曼 比利·克里斯托 玛丽·吉布斯 史蒂夫·布西密 詹姆斯·柯本 詹妮弗·提莉 鲍勃·彼德森 约翰·拉岑贝格 弗兰克·奥兹 丹尼尔·吉尔森 邦尼·亨特 杰克·安琪 Samuel Lord Black Steve Susskind,不要给它起名字，起了名字就有感情了。,,彼特·道格特 大卫·斯沃曼 李·昂克里奇,92,喜剧 动画 儿童 奇幻,"Monsters, Inc.",132,8.6,安德鲁·斯坦顿 丹尼尔·吉尔森 罗伯特·L·贝尔德 略特·里斯 乔纳森·罗伯特  彼特·道格特 杰夫·皮金  吉尔·卡尔顿 拉夫·埃格尔斯顿,怪兽电力公司,https://movie.douban.com/subject/1291579/,231664,2001
赵文瑄 归亚蕾 金素梅 郎雄 米切尔·利希藤斯坦,中国家庭的喜怒哀乐忍。,台湾   美国,李安,108,剧情 喜剧 爱情 同性 家庭,,133,8.8,李安 詹姆斯·夏慕斯 冯光远,喜宴,https://movie.douban.com/subject/1303037/,134133,1993
尼古拉斯·凯奇 瑞恩·雷诺兹 艾玛·斯通 凯瑟琳·基纳 克拉克·杜克 克劳斯·利特曼 克里斯·桑德斯 兰迪·汤姆,老少皆宜，这就是好莱坞动画的魅力。,美国,柯克·德·米科 克里斯·桑德斯,98,喜剧 动画 冒险,The Croods,131,8.7,克里斯·桑德斯 柯克·德·米科,疯狂原始人,https://movie.douban.com/subject/1907966/,360807,2013
路易·德·菲耐斯 布尔维尔 克劳迪奥·布鲁克 安德丽·帕里西 科莱特·布罗塞 Mike Marshall Mary Marquet Pierre Bertin Benno Sterzenbach 玛丽·杜布瓦 特里-托马斯 西戈德·拉普 Reinhard Kolldehoff Helmuth Schneider Paul Préboist Hans Meyer Guy Grosso Michel Modo Peter Jacob Rudy Lenoir Noël Darzal Pierre Roussel Pierre Bastien Jacques Sablon Mag-Avril Jacques Bodoin Gabriel Gobin Paul Mercey Henri Génès,永远看不腻的喜剧。,法国   英国,热拉尔·乌里,132,喜剧 战争,La grande vadrouille,130,8.9,热拉尔·乌里 达妮埃尔·汤普森 Marcel Jullian Georges Tabet André Tabet,虎口脱险,https://movie.douban.com/subject/1296909/,104625,1966
张国荣 张曼玉 梁朝伟 林青霞 张学友 梁家辉 杨采妮 刘嘉玲 邹兆龙 王祖贤,电影诗。,香港   台湾,王家卫,100,剧情 动作 爱情 武侠 古装,東邪西毒,129,8.6,王家卫 金庸,东邪西毒,https://movie.douban.com/subject/1292328/,242891,1994
盖·皮尔斯 凯瑞-安·莫斯 乔·潘托里亚诺 小马克·布恩 拉什·费加 乔雅·福克斯 斯蒂芬·托布罗斯基 哈里特·桑塞姆·哈里斯 托马斯·列农 考乐姆·吉斯·雷尼 金伯利·坎贝尔 玛丽安妮·穆勒雷尔 拉里·霍尔登,一个针管引发的血案。,美国,克里斯托弗·诺兰,113,剧情 悬疑 惊悚 犯罪,Memento,128,8.5,克里斯托弗·诺兰 乔纳森·诺兰,记忆碎片,https://movie.douban.com/subject/1304447/,271945,2000
戴夫·帕特尔 沙鲁巴·舒克拉 亚尼·卡普 Rajendranath Zutshi 吉尼瓦·塔瓦尔 芙蕾达·平托 伊尔凡·可汗 Azharuddin Mohammed Ismail 阿什·马赫什·舍德卡 马赫什·曼杰瑞卡 麦活·米泰尔,上帝之城+猜火车+阿甘正传+开心辞典=山寨富翁,,丹尼·博伊尔 洛芙琳·坦丹,120,剧情 爱情,Slumdog Millionaire,127,8.5,西蒙·博福伊 维卡斯·史瓦卢普,贫民窟的百万富翁,https://movie.douban.com/subject/2209573/,388107,2008
皮尔斯·布鲁斯南 雅克·贝汉 姜文 宫泽理惠,大海啊，不全是水。,,雅克·贝汉  雅克·克鲁奥德,104,纪录片,Océans,113,9.0,Christophe Cheysson  雅克·克鲁奥德 Laurent Debas Stéphane Durand Laurent Gaudé 雅克·贝汉 François Sarano,海洋,https://movie.douban.com/subject/3443389/,97692,2009
北野武 关口雄介 岸本加世子 グレート義太夫 井手博士 磨赤儿 大家由祐子 细川典江 今村鼠 田中要次,从没见过那么流氓的温柔，从没见过那么温柔的流氓。,日本,北野武,121,剧情 喜剧,菊次郎の夏,112,8.7,北野武,菊次郎的夏天,https://movie.douban.com/subject/1293359/,176175,1999
汤姆·汉克斯 凯瑟琳·泽塔-琼斯 斯坦利·图齐 齐·麦克布赖德 迭戈·卢纳 巴里·沙巴卡·亨利 库玛·帕拉纳 佐伊·索尔达娜 Eddie Jones 祖德·塞克利拉 科瑞·雷诺兹 古列雷莫·迪亚兹 Rini Bell 瓦列里·尼古拉耶夫 迈克尔·诺里,有时候幸福需要等一等。 ,美国,史蒂文·斯皮尔伯格,128,剧情 喜剧 爱情,The Terminal,111,8.6,安德鲁·尼科尔 萨沙·杰瓦西  杰夫·内桑森,幸福终点站,https://movie.douban.com/subject/1292274/,220570,2004
本·阿弗莱克 裴淳华 尼尔·帕特里克·哈里斯 凯莉·库恩 泰勒·派瑞 金·迪肯斯 米西·派勒 波伊德·霍布鲁克 艾米丽·拉塔科斯基 雪拉·渥德 派屈克·福吉特 斯科特·麦克纳里 凯西·威尔逊 李·诺里斯,年度最佳date movie。,美国,大卫·芬奇,149,剧情 悬疑 惊悚 犯罪,Gone Girl,110,8.7,吉莉安·弗琳,消失的爱人,https://movie.douban.com/subject/21318488/,342867,2014
杰伊·巴鲁切尔 杰拉德·巴特勒 克雷格·费格森 亚美莉卡·费雷拉 乔纳·希尔 克里斯托夫·梅兹-普莱瑟 T·J·米勒 克里斯汀·韦格 罗宾·阿特金·唐斯 菲利普·麦格雷德 基隆·埃利奥特 阿什利·詹森 大卫·田纳特,和谐的生活离不开摸头与被摸头。,,迪恩·德布洛斯 克里斯·桑德斯,98,喜剧 动画 家庭 奇幻 冒险,How to Train Your Dragon,109,8.7,威廉姆·戴维斯 迪恩·德布洛斯 克里斯·桑德斯 葛蕾熙达·柯维尔,驯龙高手,https://movie.douban.com/subject/2353023/,277874,2010
艾德里安·布洛迪 马西娅·盖伊·哈登 詹姆斯·肯恩 克里斯蒂娜·亨德里克斯 刘玉玲 布莱思·丹纳 蒂姆·布雷克·尼尔森 威廉·彼德森 布莱恩·科兰斯顿 萨米·盖尔 Louis Zorich 小伊塞亚·维特洛克,穷尽一生，我们要学会的，不过是彼此拥抱。,,托尼·凯耶,97,剧情,Detachment,108,8.8,卡尔·隆德,超脱,https://movie.douban.com/subject/5322596/,168148,2011
岛本须美 松田洋治 榊原良子 辻村真人 京田尚子 纳谷悟郎 永井一郎 宫内幸平 八奈见乘儿 矢田稔 富永美伊奈 家弓家正 吉田理保子 菅谷政子 坂本千夏 鳕子 麦人 大塚芳忠,动画片的圣经。,日本,宫崎骏,117,科幻 动画 奇幻 冒险,風の谷のナウシカ,103,8.8,宫崎骏,风之谷,https://movie.douban.com/subject/1291585/,172530,1984
丹尼尔·雷德克里夫 艾玛·沃森 鲁伯特·格林特 艾伦·瑞克曼 玛吉·史密斯 汤姆·费尔顿 伊恩·哈特 理查德·哈里斯 约翰·赫特 罗彼·考特拉尼 朱丽·沃特斯 邦妮·怀特 约翰·克立斯 肖恩·比格斯代夫,童话世界的开端。,,克里斯·哥伦布,152,奇幻 冒险,Harry Potter and the Sorcerer's Stone,102,8.7,斯蒂芬·科洛弗 J·K·罗琳,哈利·波特与魔法石,https://movie.douban.com/subject/1295038/,245567,2001
莱昂纳多·迪卡普里奥 汤姆·汉克斯 克里斯托弗·沃肯 马丁·辛 艾米·亚当斯 詹妮弗·加纳 伊丽莎白·班克斯 纳塔莉·贝伊 詹姆斯·布洛林 艾伦·旁派 南希·利内翰 布莱恩·豪威  弗兰克·约翰·休斯 克里斯·埃里斯,骗子大师和执著警探的你追我跑故事。 ,美国   加拿大,史蒂文·斯皮尔伯格,141,剧情 传记 犯罪,Catch Me If You Can,101,8.7,杰夫·内桑森,猫鼠游戏,https://movie.douban.com/subject/1305487/,216402,2002
于尔根·福格尔 弗雷德里克·劳 马克思·雷迈特 詹妮弗·乌尔里希 克里斯蒂安娜·保罗 雅各布·马琛茨 克里斯蒂娜·度·瑞格 埃利亚斯·穆巴里克 马克西米利安·福尔马尔 马克斯·毛夫,世界离独裁只有五天。,德国,丹尼斯·甘塞尔,107,剧情 惊悚,Die Welle,156,8.7,丹尼斯·甘塞尔 彼得·图万斯 约翰尼·道金斯 罗恩·比恩巴赫 罗恩·琼斯,浪潮,https://movie.douban.com/subject/2297265/,127279,2008
梁朝伟 张曼玉 潘迪华 萧炳林 张耀扬 孙佳君 钱似莺 顾锦华,偷情本没有这样美。,香港   法国,王家卫,98,剧情 爱情,花樣年華,155,8.5,王家卫,花样年华,https://movie.douban.com/subject/1291557/,237339,2000
西恩·潘 达科塔·范宁 米歇尔·菲佛 黛安·韦斯特 洛雷塔·迪瓦恩 理查德·希夫 劳拉·邓恩,爱并不需要智商 。,美国,杰茜·尼尔森,132,剧情 家庭,I Am Sam,154,8.8,杰茜·尼尔森 克里斯汀·约翰逊,我是山姆,https://movie.douban.com/subject/1306861/,98851,2001
海利·乔·奥斯蒙 弗兰西丝·奥康纳 山姆·洛巴兹 杰克·托马斯 裘德·洛 威廉·赫特 肯·梁 克拉克·格雷格 凯文·苏斯曼 汤姆·加洛普 Eugene Osment 艾普尔·格雷斯 马特·温斯顿 萨布丽娜·格德维奇 Theo Greenly,对爱的执着，可以超越一切。,,史蒂文·斯皮尔伯格,146,剧情 科幻 冒险,Artificial Intelligence: AI,153,8.6,布莱恩·奥尔迪斯 史蒂文·斯皮尔伯格 Ian Watson,人工智能,https://movie.douban.com/subject/1302827/,184038,2001
丹尼尔·雷德克里夫 艾玛·沃森 鲁伯特·格林特 海伦娜·伯翰·卡特 拉尔夫·费因斯 艾伦·瑞克曼 玛吉·史密斯 汤姆·费尔顿 邦妮·怀特 朱丽·沃特斯 迈克尔·刚本 伊文娜·林奇 多姆纳尔·格里森 克蕾曼丝·波西 詹森·艾萨克 海伦·麦克洛瑞 马修·刘易斯 梁佩诗,10年的完美句点。,美国   英国,大卫·叶茨,130,剧情 悬疑 奇幻 冒险,Harry Potter and the Deathly Hallows: Part 2,152,8.6,斯蒂芬·科洛弗 J·K·罗琳,哈利·波特与死亡圣器(下),https://movie.douban.com/subject/3011235/,263988,2011
柳承龙 朴信惠 郑镇荣 金正泰 吴达洙 朴元尚 郑满植 葛素媛,《我是山姆》的《美丽人生》。,,李焕庆,127,剧情 喜剧 家庭,7번방의 선물,151,8.7,李焕庆 刘英雅,7号房的礼物,https://movie.douban.com/subject/10777687/,166012,2013
让-马克·巴尔 让·雷诺 罗姗娜·阿奎特 保罗·希纳尔 赛尔乔·卡斯特利托 让·布伊兹 马克·迪莱特 格里芬·邓恩 Andréas Voutsinas 瓦伦提娜·瓦格斯 Kimberly Beck,在那片深蓝中，感受来自大海的忧伤寂寞与美丽自由。,法国   美国   意大利,吕克·贝松,132,剧情 爱情,Le grand bleu,175,8.7,吕克·贝松 Robert Garland Marilyn Goldin 雅克·梅欧 Marc Perrier,碧海蓝天,https://movie.douban.com/subject/1300960/,105655,1988
多布杰 张正阳 亓亮 赵雪莹 马占林 赵一穗,坚硬的信仰。,中国大陆   香港,陆川,85,剧情 犯罪,,174,8.6,陆川,可可西里,https://movie.douban.com/subject/1308857/,124237,2004
艾伦·伯斯汀 杰瑞德·莱托 詹妮弗·康纳利 马龙·韦恩斯 克里斯托弗·麦克唐纳 露易丝·拉塞尔 玛西娅·让·库尔茨 夏洛特·阿罗诺夫斯基 马克·马戈利斯 Janet Sarno 苏珊妮·谢泼德,一场没有春天的噩梦。,美国,达伦·阿伦诺夫斯基,102,剧情,Requiem for a Dream,173,8.7,达伦·阿伦诺夫斯基 小胡伯特·塞尔比,梦之安魂曲,https://movie.douban.com/subject/1292270/,108009,2000
克里斯蒂安·贝尔 汤姆·哈迪 安妮·海瑟薇 约瑟夫·高登-莱维特 玛丽昂·歌迪亚 加里·奥德曼 迈克尔·凯恩 摩根·弗里曼 朱诺·坦普尔 乔什·平茨 丹尼尔·逊亚塔 内斯特·卡博内尔 伯恩·戈曼 连姆·尼森 乔伊·金 艾丹·吉伦 基里安·墨菲 乔什·斯图沃特 马修·莫迪恩 本·门德尔森,诺兰就是保证。,,克里斯托弗·诺兰,165,剧情 动作 科幻 惊悚 犯罪,The Dark Knight Rises,172,8.5,大卫·S·高耶 乔纳森·诺兰 克里斯托弗·诺兰,蝙蝠侠：黑暗骑士崛起,https://movie.douban.com/subject/3395373/,283799,2012
尼古拉斯·凯奇 布丽姬·穆娜 杰瑞德·莱托 伊安·霍姆 伊桑·霍克 叶夫盖尼·拉扎列夫 伊默恩·沃克 塔尼特·菲尼克斯,做一颗让别人需要你的棋子。,美国   法国,安德鲁·尼科尔,122,剧情 犯罪,Lord of War,171,8.5,安德鲁·尼科尔,战争之王,https://movie.douban.com/subject/1419936/,168916,2005
斯科特·安第斯 瑞恩·波特 丹尼尔·海尼 T·J·米勒 杰米·钟 小达蒙·韦恩斯 珍尼希斯·罗德里格兹 詹姆斯·克伦威尔 艾伦·图代克 玛娅·鲁道夫 亚布拉哈姆·本鲁比 凯蒂·洛斯 比利·布什 丹尼尔·吉尔森 保罗·布里格斯,Balalala~~~,,唐·霍尔 克里斯·威廉姆斯,102,喜剧 动作 科幻 动画 冒险,Big Hero 6,170,8.6,乔丹·罗伯茨 丹尼尔·吉尔森 罗伯特·L·贝尔德,超能陆战队,https://movie.douban.com/subject/11026735/,351747,2014
周星驰 巩俐 陈百祥 郑佩佩 朱咪咪 梁家仁 苑琼丹 梁荣忠 黄一山 黄霑 吴镇宇 刘家辉 蓝洁瑛 谷德昭 陈辉虹 李健仁 宣萱 温翠萍,华太师是黄霑，吴镇宇四大才子之一。,香港,李力持,102,喜剧 爱情 古装,唐伯虎點秋香,169,8.4,李力持 谷德昭 陈文强,唐伯虎点秋香,https://movie.douban.com/subject/1306249/,306579,1993
桥本爱 三浦贵大 松冈茉优 温水洋一 桐岛加恋,尊敬他人，尊敬你生活的这片土地，明白孤独是人生的常态。,日本,森淳一,120,剧情,冬春篇 リトル・フォレスト 冬・春,168,8.9,森淳一,小森林,https://movie.douban.com/subject/25814707/,104825,2015
霍卫民 王笑天 罗芸 杨瑜珍 孙黎 邵胜杰 曹西安 贾致钢 朱自清 王梓尘 赵梓彤 贾世忠 袁满 陈梅生 张景素 平坦 金子 张建军,荒诞讽刺，千奇百巧，抽丝剥茧，百转千回。,中国大陆,忻钰坤,110,剧情 悬疑 犯罪,,167,8.6,忻钰坤 冯元良 鲁妮凡,心迷宫,https://movie.douban.com/subject/25917973/,150994,2014
多姆纳尔·格里森 瑞秋·麦克亚当斯 比尔·奈伊 莉迪亚·威尔逊 汤姆·霍兰德 琳赛·邓肯 玛格特·罗比 凡妮莎·柯比 李·阿斯奎斯-柯 凯瑟琳·斯戴曼,把每天当作最后一天般珍惜度过，积极拥抱生活，就是幸福。,,理查德·柯蒂斯,123,剧情 爱情 奇幻,About Time,166,8.6,理查德·柯蒂斯,时空恋旅人,https://movie.douban.com/subject/10577869/,188126,2013
山本圭 井川比佐志 片桐入 仲代达矢 春川真澄 八千草薰 石野真子 殿山泰司 加藤嘉 石仓三郎 泉谷茂 柳叶敏郎,养狗三日，便会对你终其一生。,日本,神山征二郎,107,剧情,ハチ公物語,200,9.0,新藤兼人,忠犬八公物语,https://movie.douban.com/subject/1959195/,53891,1987
阿诺·施瓦辛格 琳达·汉密尔顿 爱德华·福隆 罗伯特·帕特里克 阿尔·伯恩 乔·莫顿 埃帕莎·默克森 卡斯图罗·格雷拉 丹尼·库克塞 詹妮特·戈德斯坦恩 山德·贝克利 莱思莉·汉密尔顿·格伦,少见的超越首部的续集，动作片中的经典。,美国   法国,詹姆斯·卡梅隆,137,动作 科幻,Terminator 2: Judgment Day,199,8.5,詹姆斯·卡梅隆 小威廉·威谢尔,终结者2：审判日,https://movie.douban.com/subject/1291844/,135105,1991
张曼玉 王祖贤 赵文卓 吴兴国 马精武 田丰 刘洵,人生如此，浮生如斯。谁人言，花彼岸，此生情长意短。谁都是不懂爱的罢了。,香港,徐克,99,剧情 奇幻 古装,,198,8.4,李碧华 徐克,青蛇,https://movie.douban.com/subject/1303394/,209779,1993
亨弗莱·鲍嘉 英格丽·褒曼 保罗·亨雷德 克劳德·雷恩斯 康拉德·韦特 西德尼·格林斯垂特 彼得·洛 杜利·威尔逊,与同名歌曲无关。,美国,迈克尔·柯蒂斯,102,剧情 爱情 战争,Casablanca,197,8.6,朱利叶斯·J·爱泼斯坦 菲利普·G·爱泼斯坦 霍华德·科克 凯西·罗宾逊,卡萨布兰卡,https://movie.douban.com/subject/1296753/,119701,1942
埃米尔·赫施 马西娅·盖伊·哈登 威廉·赫特 吉娜·马隆 布莱恩·H.德里克 凯瑟琳·基纳 文斯·沃恩 克里斯汀·斯图尔特 哈尔·霍尔布鲁克 扎克·加利凡纳基斯,出门必备：本草纲目。,美国,西恩·潘,148,剧情 传记 冒险,Into the Wild,196,8.6,西恩·潘 乔恩·克拉考尔,荒野生存,https://movie.douban.com/subject/1905462/,122296,2007
吉娜·戴维斯 苏珊·萨兰登 哈威·凯特尔 迈克尔·马德森 布拉德·皮特,没有了退路，只好飞向自由。,美国   法国,雷德利·斯科特,130,剧情 惊悚 犯罪,Thelma & Louise,195,8.7,卡莉·克里,末路狂花,https://movie.douban.com/subject/1291992/,99841,1991
肖恩·康纳利 尼古拉斯·凯奇 艾德·哈里斯 约翰·斯宾塞 大卫·摩斯 威廉·弗西斯 迈克尔·比恩 瓦内萨·马赛尔 约翰·C·麦金雷 托尼·托德 博基姆·伍德拜因 格雷格·科林斯 布伦丹·凯利 史蒂夫·哈里斯 吉姆·卡维泽,类型片的极致。 ,美国,迈克尔·贝,136,动作 冒险,The Rock,194,8.5,大卫·韦斯伯格 道格拉斯·库克,勇闯夺命岛,https://movie.douban.com/subject/1292728/,136952,1996
雅克·贝汉,最美的飞翔。,法国   德国   意大利   西班牙   瑞士,雅克·贝汉  雅克·克鲁奥德 米歇尔·德巴,98,纪录片,Le peuple migrateur,193,9.1,Francis Roux 雅克·贝汉 Stéphane Durand Jean Dorst Guy Jarry,迁徙的鸟,https://movie.douban.com/subject/1292281/,50493,2001
笠智众 原节子 杉村春子 东山千荣子 山村聪 香川京子,东京那么大，如果有一天走失了，恐怕一辈子不能再相见。,日本,小津安二郎,136,剧情 家庭,東京物語,192,9.2,野田高梧 小津安二郎,东京物语,https://movie.douban.com/subject/1291568/,48070,1953
汤姆·汉克斯 大卫·摩斯 迈克·克拉克·邓肯 邦尼·亨特 詹姆斯·克伦威尔 迈克尔·杰特 格雷厄姆·格林 道格·休切逊 山姆·洛克威尔 巴里·佩珀 杰弗里·德曼 派翠西娅·克拉克森 哈利·戴恩·斯坦通 戴布思·格里尔 伊芙·布伦特,天使暂时离开。,美国,弗兰克·德拉邦特,189,剧情 悬疑 犯罪 奇幻,The Green Mile,190,8.7,弗兰克·德拉邦特 斯蒂芬·金,绿里奇迹,https://movie.douban.com/subject/1300374/,102054,1999
杰米·福克斯 莱昂纳多·迪卡普里奥 克里斯托弗·沃尔兹 塞缪尔·杰克逊 凯丽·华盛顿 沃尔顿·戈金斯 丹尼斯·克里斯托弗 乔纳·希尔 詹姆斯·瑞马尔 爱波·塔布琳 弗兰科·内罗 罗伯特·卡拉丁 佐伊·贝尔,热血沸腾，那个低俗、性感的无耻混蛋又来了。,,昆汀·塔伦蒂诺,163,剧情 动作 西部 冒险,Django Unchained,191,8.5,昆汀·塔伦蒂诺,被解救的姜戈,https://movie.douban.com/subject/6307447/,249534,2012
凯拉·奈特莉 马克·鲁弗洛 詹姆斯·柯登 海莉·斯坦菲尔德 亚当·莱文 凯瑟琳·基纳 茅斯·达夫 罗伯·莫洛 席洛·格林,爱我就给我看你的播放列表。,,约翰·卡尼,104,喜剧 爱情 音乐,Begin Again,189,8.5,约翰·卡尼,再次出发之纽约遇见你,https://movie.douban.com/subject/6874403/,158606,2013
高山南 佐久间玲 山口胜平 户田惠子 信泽三惠子,宫崎骏的电影总让人感觉世界是美好的，阳光明媚的。,日本,宫崎骏,103,动画 奇幻 冒险,魔女の宅急便,188,8.4,宫崎骏 角野荣子,魔女宅急便,https://movie.douban.com/subject/1307811/,185347,1989
珍妮特·利 安东尼·博金斯 维拉·迈尔斯 马丁·鲍尔萨姆 约翰·加文,故事的反转与反转，分裂电影的始祖。,美国,阿尔弗雷德·希区柯克,109,悬疑 恐怖,Psycho,187,8.8,约瑟夫·斯蒂凡诺 罗伯特·布洛克,惊魂记,https://movie.douban.com/subject/1293181/,78699,1960
张震 杨静怡 张国柱 王启赞 林鸿铭 金燕玲 王琄 张瀚 姜秀琼 赖梵耘 柯宇纶 谭志刚 冯国强 陈湘琪 金士杰,弱者送给弱者的一刀。,台湾,杨德昌,237,剧情 犯罪,牯嶺街少年殺人事件,186,8.7,杨德昌 赖铭堂 杨顺清 鸿鸿,牯岭街少年杀人事件,https://movie.douban.com/subject/1292329/,101337,1991
马修·麦康纳 詹妮弗·加纳 杰瑞德·莱托 史蒂夫·茨恩 达拉斯·罗伯特斯 凯文·兰金 丹尼斯·欧哈拉 简·麦克尼尔 格里芬·邓恩 詹姆斯·杜蒙特 朱丽叶·里夫斯 斯蒂菲·格罗特 J·D·埃弗摩尔,Jared Leto的腿比女人还美！,美国,让-马克·瓦雷,117,剧情 同性 传记,Dallas Buyers Club,185,8.6,克莱格·鲍登 梅丽莎·沃雷克,达拉斯买家俱乐部,https://movie.douban.com/subject/1793929/,160704,2013
比尔·奈伊 肯尼思·布拉纳 菲利普·塞默·霍夫曼 尼克·弗罗斯特 汤姆·斯图里奇 瑞斯·伊凡斯 瑞斯·达比 克里斯·奥多德 妲露拉·莱莉 凯瑟琳·帕金森 杰克·达文波特,生命不止，摇滚不死。,英国   德国   法国,理查德·柯蒂斯,116,剧情 喜剧 音乐,The Boat That Rocked,184,8.6,理查德·柯蒂斯,海盗电台,https://movie.douban.com/subject/3007773/,161109,2009
张国荣 张曼玉 刘嘉玲 刘德华 张学友 潘迪华 梁朝伟,王家卫是一种风格，张国荣是一个代表。,香港,王家卫,94,剧情 爱情 犯罪,阿飛正傳,183,8.5,王家卫,阿飞正传,https://movie.douban.com/subject/1305690/,172537,1990
马特·达蒙 弗朗卡·波滕特 克里斯·库珀 克里夫·欧文 朱丽娅·斯蒂尔斯 布莱恩·考克斯 阿德沃尔·阿吉纽依-艾格拜吉 加布里埃尔·曼 沃尔顿·戈金斯 约什·汉密尔顿 Orso Maria Guerrini,哗啦啦啦啦，天在下雨，哗啦啦啦啦，云在哭泣……找自己。,,道格·里曼,119,动作 悬疑 惊悚,The Bourne Identity,182,8.5,托尼·吉尔罗伊 罗伯特·鲁德鲁姆 W. Blake Herron,谍影重重,https://movie.douban.com/subject/1304102/,184700,2002
马特·达蒙 弗朗卡·波滕特 布莱恩·考克斯 朱丽娅·斯蒂尔斯 卡尔·厄本 琼·艾伦 加布里埃尔·曼 马尔顿·索克斯 约翰·贝德福德·劳埃德 伊桑·桑德勒 米歇尔·莫纳汉 卡瑞尔·罗登 托马斯·阿拉纳 奥莎娜·阿金什那 汤姆·加洛普,谁说王家卫镜头很晃？,,保罗·格林格拉斯,108,动作 悬疑 惊悚,The Bourne Supremacy,181,8.5,罗伯特·鲁德鲁姆 托尼·吉尔罗伊,谍影重重2,https://movie.douban.com/subject/1308767/,153089,2004
迈尔斯·特勒 J·K·西蒙斯 保罗·雷瑟 梅莉莎·班诺伊 奥斯汀·斯托维尔 克里斯·马尔基 马科斯·卡锡 杰森·布莱尔 科菲·斯里博伊,这个世界从不善待努力的人，努力了也不一定会成功，但是知道自己在努力，就是活下去的动力。,美国,达米恩·查泽雷,107,剧情 音乐,Whiplash,180,8.6,达米恩·查泽雷,爆裂鼓手,https://movie.douban.com/subject/25773932/,225943,2014
梅利莎·乔治 利亚姆·海姆斯沃斯 迈克尔·多曼 瑞秋·卡帕尼 艾玛·朗 亨利·尼克松 约书亚·麦基弗,不要企图在重复中寻找已经失去的爱。,英国   澳大利亚,克里斯托弗·史密斯,99,剧情 悬疑 惊悚,Triangle,179,8.3,克里斯托弗·史密斯,恐怖游轮,https://movie.douban.com/subject/3011051/,305452,2009
岩男润子 松本梨香 辻亲八,好的剧本是，就算你猜到了结局也猜不到全部。,日本,今敏,81,动画 惊悚 奇幻,Perfect Blue,178,8.8,村井贞之,未麻的部屋,https://movie.douban.com/subject/1395091/,90029,1997
水桥研二 近藤好美  尾上绫华 花村怜美 水野理纱,青春就是放弃和怀念。,,新海诚,63,剧情 爱情 动画,秒速5センチメートル,177,8.3,新海诚,秒速5厘米,https://movie.douban.com/subject/2043546/,282483,2007
达席尔·萨法瑞 阿米尔·汗 塔奈·切赫达 萨谢·英吉尼尔 蒂丝卡·乔普拉 维品·沙尔马 Lalitha Lajmi Girija Oak Ravi Khanvilkar Pratima Kulkarni 梅娜·马里克 Sonali Sachdev Sanjay Dadich Raaj Gopal Iyer Bugs Bhargava Shankar Sachdev M.K. Raina,天使保护事件始末。,,阿米尔·汗,165,剧情 家庭 儿童,Taare Zameen Par,176,8.8,阿莫尔·古普特,地球上的星星,https://movie.douban.com/subject/2363506/,80467,2007
三船敏郎 千秋实 京町子 森雅之 志村乔,人生的N种可能性。,日本,黑泽明,88,剧情 悬疑 犯罪,羅生門,165,8.7,黑泽明 桥本忍 芥川龙之介,罗生门,https://movie.douban.com/subject/1291879/,119271,1950
佩曼·莫阿迪 蕾拉·哈塔米 萨瑞·巴亚特 沙哈布·侯赛尼 萨日娜·法哈蒂 梅里拉·扎雷伊 阿里-阿萨哈·萨哈巴齐 巴巴克·卡里米 吉米娅·侯赛伊妮 希尔·亚齐丹巴克什 萨哈巴努·佐哈多,只有有信仰的人才能说出事实真相。,伊朗   法国,阿斯哈·法哈蒂,123,剧情 家庭,جدایی نادر از سیمین,164,8.7,阿斯哈·法哈蒂,一次别离,https://movie.douban.com/subject/5964718/,127707,2011
桑德拉·布洛克 唐·钱德尔 马特·狄龙 布兰登·费舍 泰伦斯·霍华德 坦迪·牛顿 卢达克里斯 迈克尔·佩纳 珍妮弗·艾斯波西多 瑞恩·菲利普,天使与魔鬼的冲撞。,,保罗·哈吉斯,112,剧情 犯罪,Crash,163,8.6,保罗·哈吉斯 罗伯特·莫里斯克,撞车,https://movie.douban.com/subject/1388216/,169395,2004
凯特·温丝莱特 拉尔夫·费因斯 大卫·克劳斯 詹妮特·海因 苏珊娜·洛塔尔 Alissa Wilms 弗罗里安·巴西奥罗麦 弗里德里克·贝得勒支 马蒂亚斯·哈比希 Frieder Venus Marie-Anne Fliegel Hendrik Arnst Rainer Sellien 托尔斯滕·米凯利斯 Moritz Grove,当爱情跨越年龄的界限，它似乎能变得更久远一点，成为一种责任，一种水到渠成的相濡以沫。 ,美国   德国,史蒂芬·戴德利,124,剧情 爱情,The Reader,162,8.5,戴维·黑尔 本哈德·施林克,朗读者,https://movie.douban.com/subject/2213597/,271140,2008
达里奥·格兰迪内蒂 玛丽娅·玛努尔 莫妮卡·比利亚 丽塔·科尔泰塞 胡丽叶塔·泽尔贝伯格 凯撒·博尔东 莱昂纳多·斯巴拉格利亚 沃尔特·多纳多 里卡多·达林 南希·杜普拉 奥斯卡·马丁内兹 玛莉亚·奥内托 奥斯马·努涅斯 赫尔曼·德·席尔瓦 艾丽卡·里瓦斯 地亚哥·詹蒂莱 玛格丽塔·莫菲诺,始于荒诞，止于更荒诞。,阿根廷   西班牙,达米安·斯兹弗隆,122,剧情 喜剧 犯罪,Relatos salvajes,161,8.7,达米安·斯兹弗隆,荒蛮故事,https://movie.douban.com/subject/24750126/,126040,2014
杰里米·西奥伯德 亚历克斯·霍 露西·拉塞尔 约翰·诺兰 Dick Bradsell Gillian El-Kadi 詹妮弗·安格 Nicolas Carlotti Darren Ormandy 盖·格林威 Tassos Stevens Tristan Martin 瑞贝卡·詹姆斯 保罗·曼森 David Bovill,诺兰的牛逼来源于内心散发出的恐惧。,英国,克里斯托弗·诺兰,70,悬疑 惊悚 犯罪,Following,160,8.9,克里斯托弗·诺兰,追随,https://movie.douban.com/subject/1397546/,78662,1998
卡西·阿弗莱克 卢卡斯·赫奇斯 米歇尔·威廉姆斯 C·J·威尔逊 凯尔·钱德勒 卡拉·海沃德 格瑞辰·摩尔 泰特·多诺万 埃里卡·麦克德莫特 希瑟·伯恩斯 蜜西·雅格 斯蒂芬·亨德森 约什·汉密尔顿 卡罗琳·皮克曼 肖恩·菲茨吉本 肯尼思·洛纳根 利亚姆·麦克尼尔 马修·布罗德里克,我们都有权利不与自己的过去和解。,,肯尼思·洛纳根,137,剧情 家庭,Manchester by the Sea,159,8.6,肯尼思·洛纳根,海边的曼彻斯特,https://movie.douban.com/subject/25980443/,153362,2016
雷·罗马诺 约翰·雷吉扎莫 丹尼斯·利瑞 杰克·布莱克,松鼠才是角儿。,美国,卡洛斯·萨尔达尼亚 克里斯·韦奇,81,喜剧 动画 冒险,Ice Age,158,8.4,迈克尔·伯格  迈克尔·J·威尔森 彼得·阿克曼,冰川时代,https://movie.douban.com/subject/1291578/,260984,2002
本·卫肖 艾伦·瑞克曼 蕾切儿·哈伍德 达斯汀·霍夫曼 大卫·卡尔德 比吉特·米尼希迈尔 Carlos Gramaje 西恩·托马斯 佩里·米尔沃德 山姆·道格拉斯 卡罗莉内·赫尔富特 Carolina Vera Squella 莎拉·弗里斯蒂 科琳娜·哈弗奇 杰西卡·施瓦茨 杰罗姆·威利斯,一个单凭体香达到高潮的男人。,,汤姆·提克威,147,剧情 犯罪 奇幻,Perfume: The Story of a Murderer,157,8.4,安德鲁·伯金 贝尔恩德·艾辛格 汤姆·提克威,香水,https://movie.douban.com/subject/1760622/,267085,2006
亨利·托马斯 迪·沃伦斯 罗伯特·麦克纳夫顿 德鲁·巴里摩尔 彼德·考约特,生病的E.T.皮肤的颜色就像柿子饼。,美国,史蒂文·斯皮尔伯格,115,剧情 科幻,外星人 E.T.: The Extra-Terrestrial,207,8.5,梅丽莎·马西森,E.T.,https://movie.douban.com/subject/1294638/,146065,1982
拉尔夫·费因斯 克里斯汀·斯科特·托马斯 朱丽叶·比诺什 威廉·达福 科林·费尔斯 纳威恩·安德利维斯,"In memory, love lives forever...",美国   英国,安东尼·明格拉,162,剧情 爱情 战争,The English Patient,206,8.4,迈克尔·翁达杰 安东尼·明格拉,英国病人,https://movie.douban.com/subject/1291853/,168504,1996
杰克·吉伦哈尔 维拉·法米加 米歇尔·莫纳汉 杰弗里·怀特 拉塞尔·皮特斯 詹姆斯·A·伍兹 迈克尔·阿登 乔·柯布登  卡斯·安瓦尔,邓肯·琼斯继《月球》之后再度奉献出一部精彩绝伦的科幻佳作。,美国   加拿大,邓肯·琼斯,93,剧情 动作 科幻 惊悚 犯罪,Source Code,205,8.3,本·雷普利,源代码,https://movie.douban.com/subject/3075287/,392739,2011
约翰·特拉沃尔塔 尼古拉斯·凯奇 琼·艾伦 亚历桑德罗·尼沃拉 吉娜·格申 多米尼克·斯万 尼克·卡萨维茨 哈威·普雷斯内尔 科鲁姆·费奥瑞 约翰·卡洛·林奇 希·庞德 罗伯特·维斯多姆 赵牡丹 詹姆斯·丹顿 马特·罗斯 克里斯·鲍尔 迈尔斯·杰弗里 大卫·麦克库利 托马斯·简 汤米·弗拉纳根 达纳·史密斯 罗密·温莎 保罗•希普 柯克·鲍兹 劳伦·辛克莱尔 本·里德 丽莎·博伊尔 琳达·霍夫曼 丹尼·马斯特森 迈克尔·罗查 麦克·韦柏 梅根·保罗 诺姆·卡普顿,当发哥的风衣、墨镜出现在了凯奇身上⋯⋯,美国,吴宇森,138,动作 科幻 惊悚 犯罪,Face/Off,204,8.4,麦克·韦柏 迈克尔·科拉里,变脸,https://movie.douban.com/subject/1292659/,205885,1997
三上博史 恰拉 伊藤步 江口洋介 许志安 渡部笃郎 山口智子 大塚宁宁 桃井薰 浅野忠信,现实与童话交相辉映的旅程。,日本,岩井俊二,146,剧情 犯罪,スワロウテイル,203,8.6,岩井俊二,燕尾蝶,https://movie.douban.com/subject/1307793/,104934,1996
大卫·李·史密斯 托尼·托德 约翰·比灵斯列 安妮卡·彼得森 阿丽西丝·索普 威廉姆·卡特 理查德·雷西尔 艾伦·克劳福德 Steven Littles Robbie Bryan,科幻真正的魅力不是视觉效果能取代的。 ,美国,理查德·沙因克曼,87,剧情 科幻,The Man from Earth,202,8.5,杰罗姆·比克斯比,这个男人来自地球,https://movie.douban.com/subject/2300586/,169884,2007
凯文·史派西 凯特·温丝莱特 劳拉·琳妮 加布里埃尔·曼 梅丽莎·麦卡西 罗娜·迈特拉,捍卫人权只是信仰，一点不妨碍其行为的残忍。,美国   德国   英国,艾伦·帕克,130,剧情 悬疑 犯罪,The Life of David Gale,225,8.7,查尔斯·伦道夫,大卫·戈尔的一生,https://movie.douban.com/subject/1305725/,85517,2003
简·林奇 约翰·C·赖利 萨拉·西尔弗曼 杰克·麦克布瑞尔 斯戴芬妮·斯考特 贾米·埃曼 艾伦·图代克,迪士尼和皮克斯拿错剧本的产物。,,瑞奇·摩尔,101,喜剧 动画 冒险,Wreck-It Ralph,224,8.6,珍妮弗·李 菲尔·约翰斯顿 瑞奇·摩尔 吉姆·里尔顿 约翰·C·赖利 Sam J. Levine Jared Stern,无敌破坏王,https://movie.douban.com/subject/6534248/,176939,2012
金艺芬 俞承豪 童孝熙 闵京勋 任恩敬,献给所有外婆的电影。,,李廷香,80,剧情 家庭,집으로...,223,9.0,李廷香,爱·回家,https://movie.douban.com/subject/1299361/,45351,2002
陈柏霖 桂纶镁 梁又琳 仇政 明金成 林贤能 黄江丰 是元介 姚元浩 游智炜 翁桂邦 夏绍虞 陈梦萱 1976 (乐团),青春的窃窃私语。 ,,易智言,85,剧情 爱情 同性,藍色大門,222,8.3,易智言,蓝色大门,https://movie.douban.com/subject/1308575/,264664,2002
本尼迪克特·康伯巴奇 凯拉·奈特莉 马修·古迪 罗里·金奈尔 艾伦·里奇 马修·比尔德 查尔斯·丹斯 马克·斯特朗 詹姆斯·诺斯科特 汤姆·古德曼-希尔 史蒂芬·威丁顿 伊兰·古德曼 杰克·塔尔登 埃里克斯·劳瑟 杰克·巴农,他给机器起名“克里斯托弗”，因为这是他初恋的名字。,英国   美国,莫滕·泰杜姆,114,剧情 同性 传记 战争,The Imitation Game,221,8.5,格拉汉姆·摩尔 安德鲁·霍奇斯,模仿游戏,https://movie.douban.com/subject/10463953/,240774,2014
Marius Weyers Sandra Prinsloo 历苏 Louw Verwey Michael Thys,纯净原始的笑与感动。,博茨瓦纳   南非,加美·尤伊斯,109,喜剧,The Gods Must Be Crazy,220,8.6,加美·尤伊斯,上帝也疯狂,https://movie.douban.com/subject/1297478/,92226,1980
汤姆·哈迪 乔尔·埃哲顿 尼克·诺特 詹妮弗·莫里森 弗兰克·格里罗 凯文·杜恩,热血沸腾，相当完美的娱乐拳击大餐。,,加文·欧康诺,140,剧情 家庭 运动,Warrior,219,8.9,加文·欧康诺 Anthony Tambakis,勇士,https://movie.douban.com/subject/3217169/,84203,2011
平采娜·乐维瑟派布恩 马里奥·毛瑞尔 苏达拉·布查蓬 雅尼卡·桑普蕾舞 诺特·阿查拉那·阿瑞亚卫考 皮拉瓦特·赫拉巴特 普特鹏·普罗萨卡·那·萨克那卡林 华森·波克彭,黑小鸭速效美白记。,泰国,普特鹏·普罗萨卡·那·萨克那卡林 华森·波克彭,118,剧情 喜剧 爱情,สิ่งเล็กเล็กที่เรียกว่า...รัก,218,8.3,普特鹏·普罗萨卡·那·萨克那卡林,初恋这件小事,https://movie.douban.com/subject/4739952/,437963,2010
史蒂芬·鲍德温 加布里埃尔·伯恩 本尼西奥·德尔·托罗 凯文·波拉克 凯文·史派西 查兹·帕尔明特瑞 皮特·波斯尔思韦特 苏茜·爱米斯 吉安卡罗·埃斯波西托 丹·哈达亚 保罗·巴特尔 卡尔·布瑞斯勒 菲力浦·西蒙 杰克·希勒 克里斯汀·艾斯布鲁克,我不信仰上帝，但我敬畏上帝。,德国   美国,布莱恩·辛格,106,剧情 悬疑 惊悚 犯罪,The Usual Suspects,217,8.6,克里斯托弗·麦奎里,非常嫌疑犯,https://movie.douban.com/subject/1292214/,110976,1995
布拉德·皮特 梅拉尼·罗兰 克里斯托弗·沃尔兹 伊莱·罗斯 迈克尔·法斯宾德 黛安·克鲁格 丹尼尔·布鲁尔 蒂尔·施威格 哥德昂·布克哈德 雅基·伊多 B·J·诺瓦克 奥玛·杜姆 奥古斯特·迪尔 德尼·梅诺谢 西尔维斯特·格罗特 蕾雅·赛杜,昆汀同学越来越变态了，比北野武还杜琪峰。,美国   德国,昆汀·塔伦蒂诺,153,剧情 犯罪,Inglourious Basterds,216,8.4,昆汀·塔伦蒂诺,无耻混蛋,https://movie.douban.com/subject/1438652/,214210,2009
阿部宽 夏川结衣 江原由希子 高桥和也 田中祥平 野本萤 林凌雅 寺岛进 加藤治子 树木希林 原田芳雄,日本的家庭电影已经是世界巅峰了，步履不停是巅峰中的佳作。,日本,是枝裕和,115,剧情 家庭,歩いても 歩いても,248,8.8,是枝裕和,步履不停,https://movie.douban.com/subject/2222996/,60501,2008
,仪式主义的狂欢，偏执狂的完胜。,美国,大卫·贾柏,,纪录片,Jiro Dreams of Sushi,247,8.8,小野二郎  小野祯一 小野隆 山本益弘,寿司之神,https://movie.douban.com/subject/6146955/,78062,2011
艾米丽·芭尔多尼 莫瑞·史特林 尼古拉斯·布兰登 劳伦·斯卡法莉娅 伊丽莎白·格瑞斯 雨果·阿姆斯特朗 亚历克斯·马努吉安 劳伦·马赫,小成本大魅力。,美国   英国,詹姆斯·沃德·布柯特,89,科幻 悬疑 惊悚,Coherence,246,8.4,詹姆斯·沃德·布柯特 亚历克斯·马努吉安,彗星来的那一夜,https://movie.douban.com/subject/25807345/,159614,2013
布拉德·皮特 汤姆·克鲁斯 克斯汀·邓斯特 克里斯蒂安·史莱特 坦迪·牛顿 安东尼奥·班德拉斯 海伦·麦克洛瑞 罗格·洛伊德-派克 斯蒂芬·瑞 马塞尔·尤勒斯 Bellina Logan 苏珊·林奇 安德鲁·蒂曼 John McConnell 洛尔·玛尔萨克 多美兹亚娜·佐丹奴,弥漫淡淡血腥气的优雅。,美国,尼尔·乔丹,123,剧情 惊悚 奇幻,Interview with the Vampire: The Vampire Chronicles,245,8.3,安妮·莱斯,夜访吸血鬼,https://movie.douban.com/subject/1299327/,189971,1994
宋在浩 李顺载 尹秀晶 金秀美 宋智孝 吴达洙,你要相信，这世上真的有爱存在，不管在什么年纪 ,,秋昌旼,118,剧情 爱情,그대를 사랑합니다,244,9.0,姜草 秋昌旼,我爱你,https://movie.douban.com/subject/5908478/,52628,2011
山姆·洛克威尔 凯文·史派西 多米妮克·麦克艾丽戈特 卡雅·斯考达里奥 本尼迪克特·王 马特·贝里 马尔科姆·斯图尔特 罗宾·查克,2009媲美《第九区》的又一部科幻神作。,英国,邓肯·琼斯,97,剧情 科幻 悬疑,Moon,243,8.5,邓肯·琼斯 内森·帕克,月球,https://movie.douban.com/subject/3073124/,136650,2009
布拉德·皮特 本尼西奥·德尔·托罗 杰森·斯坦森 丹尼斯·法里纳 维尼·琼斯 拉德·舍博德兹加 阿兰·福德 连尼·詹姆斯 艾文·布莱纳 杰森·弗莱明 斯蒂芬·格拉汉姆,典型盖·里奇式的英国黑色幽默黑帮片。,英国   美国,盖·里奇,104,喜剧 犯罪,Snatch,242,8.5,盖·里奇,偷拐抢骗,https://movie.douban.com/subject/1301171/,111365,2000
艾米·波勒 菲利丝·史密斯 理查德·坎德 比尔·哈德尔 刘易斯·布莱克 敏迪·卡灵 凯特林·迪亚斯 戴安·琳恩 凯尔·麦克拉克伦 波拉·庞德斯通 鲍比·莫尼汉 宝拉·佩尔 大卫·戈尔兹 弗兰克·奥兹 乔什·库雷 弗利 约翰·拉岑贝格 卡洛斯·阿拉斯拉奇 皮特·萨加尔 拉什达·琼斯 罗里·艾伦 约翰·齐甘 雪莉·琳恩 拉瑞恩·纽曼 帕丽斯·冯·戴克,愿我们都不用长大，每一座城堡都能永远存在。,,彼特·道格特 罗纳尔多·德尔·卡门,95,喜剧 动画 冒险,Inside Out,241,8.7,彼特·道格特 罗纳尔多·德尔·卡门 梅格·勒福夫 乔什·库雷 迈克尔·阿恩特 西蒙·里奇 鲍勃·彼德森 比尔·哈德尔 艾米·波勒,头脑特工队,https://movie.douban.com/subject/10533913/,207717,2015
凯文·科斯特纳 玛丽·麦克唐纳 格雷厄姆·格林,充满诗意与情怀的史诗作品。 ,美国,凯文·科斯特纳,181,剧情 西部 冒险,Dances with Wolves,240,8.9,迈克尔·布雷克,与狼共舞,https://movie.douban.com/subject/1293764/,54101,1990
马克西姆·戈达尔 瓦莱丽·勒梅西埃 凯德·麦拉德 桑德琳娜·基贝兰 维克托·卡莱斯 樊尚·克洛德 夏尔·瓦扬 本杰明·阿弗蒂 小日尔曼·达米科 达米安·费多尔 维吉尔·蒂拉尔 伊丽莎·欧斯 热拉尔·朱尼奥,四百击的反面。,法国   比利时,洛朗·蒂拉尔,92,喜剧 家庭 儿童,Le petit Nicolas,239,8.6,格雷古瓦·维涅隆 洛朗·蒂拉尔,巴黎淘气帮,https://movie.douban.com/subject/3157605/,101536,2009
汤姆·汉克斯 海伦·亨特 克里斯·诺斯 尼克·西塞,一个人的独角戏。,美国,罗伯特·泽米吉斯,143,剧情 冒险,Cast Away,238,8.5,小威廉·保尔斯,荒岛余生,https://movie.douban.com/subject/1298653/,125954,2000
米歇尔·塞罗尔 柯莱儿·布翁尼许 娜德·蒂约 奥黛丽·玛丽奥 弗朗索瓦·米肖 海伦·伊利 伊蒂格·斯特凡,我们长途跋涉寻找的东西，有可能一直就在身边。 ,法国,费利普·弥勒,85,剧情 喜剧 儿童,Le Papillon,237,8.6,费利普·弥勒,蝴蝶,https://movie.douban.com/subject/1292056/,92395,2002
布丽·拉尔森 雅各布·特伦布莱 琼·艾伦 肖恩·布里吉格斯 威廉姆·H·梅西 梅根·帕克 阿曼达·布鲁盖尔 卡斯·安瓦尔 乔·平格 温迪·古逊 兰道尔·爱德华 杰克·富尔顿 汤姆·麦卡穆斯,被偷走的岁月，被伤害的生命，被禁锢的灵魂，终将被希望和善意救赎。,爱尔兰   加拿大,伦尼·阿伯拉罕森,118,剧情 家庭,Room,236,8.8,艾玛·多诺霍,房间,https://movie.douban.com/subject/25724855/,138277,2015
伊桑·霍克 乌玛·瑟曼 裘德·洛 艾伦·阿金 戈尔·维达尔 山德·贝克利 劳恩·迪恩,一部能引人思考的科幻励志片。,美国,安德鲁·尼科尔,106,剧情 科幻,Gattaca,235,8.7,安德鲁·尼科尔,千钧一发,https://movie.douban.com/subject/1300117/,80040,1997
杰克·尼科尔森 摩根·弗里曼 西恩·海耶斯 贝弗利·陶德 罗伯·莫洛 Alfonso Freeman Verda Bridges 伊恩·安东尼·代尔 诺尔·古格雷米,用剩余不多的时间，去燃烧整个生命。,美国,罗伯·莱纳,97,剧情 喜剧 冒险,The Bucket List,234,8.5,Justin Zackham,遗愿清单,https://movie.douban.com/subject/1867345/,119904,2007
金·凯瑞 凯特·温丝莱特 伊利亚·伍德 克斯汀·邓斯特 汤姆斯·杰·瑞恩 马克·鲁弗洛 简·亚当斯 大卫·克罗斯 汤姆·威尔金森 Amir Ali Said Brian Price Paulie Litt,恋爱是一次神经的冒险。就算失去记忆，也会爱上你。,,米歇尔·贡德里,108,剧情 爱情 奇幻,Eternal Sunshine of the Spotless Mind,233,8.4,查理·考夫曼 米歇尔·贡德里 皮埃尔·比斯毛特,暖暖内含光,https://movie.douban.com/subject/1308777/,138405,2004
郭涛 刘桦 连晋 黄渤 徐峥 优恵 罗兰  王迅,中国版《两杆大烟枪》。,中国大陆   香港,宁浩,106,喜剧 犯罪,,232,8.2,张承 宁浩 优恵,疯狂的石头,https://movie.douban.com/subject/1862151/,295192,2006
吴镇宇 任达华 黄秋生 吕颂贤 张耀扬 林雪 王天林 施绮莲 高雄,一群演技精湛的戏骨，奉献出一个精致的黑帮小品，成就杜琪峰群戏的巅峰之作。,香港,杜琪峰,84,剧情 动作 犯罪,鎗火,231,8.6,游乃海,枪火,https://movie.douban.com/subject/1300741/,94265,1999
李晋纬 林海峰 吴君如 黄秋生 Buxx Banner,麦兜是一只很哲学的猪。 ,香港,袁建滔,75,剧情 喜剧 动画,麥兜故事,230,8.5,谢立文 麦家碧,麦兜故事,https://movie.douban.com/subject/1302476/,122417,2001
格伦·汉塞德 玛可塔·伊尔格洛娃,有些幸福无关爱情。,,约翰·卡尼,85,剧情 爱情 音乐,Once,229,8.3,约翰·卡尼,曾经,https://movie.douban.com/subject/2053515/,196043,2007
科林·费尔斯 杰弗里·拉什 海伦娜·伯翰·卡特 盖·皮尔斯 迈克尔·刚本 蒂莫西·斯波 詹妮弗·艾莉 德里克·雅各比 安东尼·安德鲁斯 克莱尔·布鲁姆,皇上无话儿。,英国   澳大利亚   美国,汤姆·霍珀,118,剧情 传记 历史,The King's Speech,228,8.3,大卫·塞德勒,国王的演讲,https://movie.douban.com/subject/4023638/,323178,2010
伊桑·霍克 朱莉·德尔佩 肖姆斯·戴维-菲茨帕特里克 詹妮弗·普里尔 夏洛特·普里尔,所谓爱情，就是话唠一路，都不会心生腻烦，彼此嫌弃。,,理查德·林克莱特,109,剧情 爱情,Before Midnight,227,8.8,理查德·林克莱特 伊桑·霍克 朱莉·德尔佩,爱在午夜降临前,https://movie.douban.com/subject/10808442/,108713,2013
莱昂纳多·迪卡普里奥 詹妮弗·康纳利 杰曼·翰苏 大卫·哈雷伍德 阿诺德·沃斯洛,每个美丽事物背后都是滴血的现实。,美国   德国,爱德华·兹威克,143,剧情 惊悚 冒险,Blood Diamond,226,8.5,查尔斯·里维特,血钻,https://movie.douban.com/subject/1428175/,123751,2006
娜奥米·沃茨 劳拉·哈灵 安·米勒 贾斯汀·塞洛克斯 斯科特·科菲 梅利莎·乔治 布兰特·布里斯科 罗伯特·福斯特 凯瑟琳·汤 李·格兰特 比利·雷·赛勒斯 查德·艾微特 丽塔·塔格特 詹姆斯·凯伦 洛里·海瑞 安琪洛·巴达拉曼提 迈克尔·德·巴雷斯 马库斯·格雷厄姆 丹·哈达亚 马克·佩雷格里诺 蒙蒂·蒙特格美里 迈克尔·J·安德森,大卫·林奇的梦境迷宫。,法国   美国,大卫·林奇,147,剧情 悬疑 惊悚,Mulholland Dr.,215,8.3,大卫·林奇,穆赫兰道,https://movie.douban.com/subject/1292217/,224780,2001
詹姆斯·沃克 特里特·威廉斯 多米尼克·斯科特·凯伊 莎拉·德鲁 凯瑟琳·约克 乔·克里斯特 帕翠西亚·希顿 约翰尼·帕卡 Charles Henry Wyson Charlie Finn,乐观比一切都有力量。,美国,彼得·维纳,95,剧情 传记,Front of the Class,214,8.6,托马斯·瑞克曼,叫我第一名,https://movie.douban.com/subject/4798888/,104550,2008
查理·卓别林 弗吉尼亚·切瑞尔 佛罗伦斯·李 亨利·伯格曼 珍·哈露,永远的小人物，伟大的卓别林。,美国,查理·卓别林,87,剧情 喜剧 爱情,City Lights,213,9.2,查理·卓别林 Harry Clive Harry Crocker,城市之光,https://movie.douban.com/subject/1293908/,41024,1931
凯文·史派西 安妮特·贝宁 索拉·伯奇 米娜·苏瓦丽 克里斯·库珀 韦斯·本特利 彼得·盖勒 艾莉森·珍妮 斯科特·巴库拉 山姆·洛巴兹 巴里·德尔·舍曼,每个人的内心都是深不可测的大海。 ,,萨姆·门德斯,122,剧情 家庭,American Beauty,212,8.4,艾伦·鲍尔,美国丽人,https://movie.douban.com/subject/1292062/,177103,1999
基努·里维斯 劳伦斯·菲什伯恩 凯瑞-安·莫斯 莫妮卡·贝鲁奇 凯特·宾汉 雨果·维文 贾达·萍克·史密斯 邹兆龙 朗贝尔·维尔森,不得不说，《黑客帝国》系列是商业片与科幻、哲学完美结合的典范。,美国   澳大利亚,莉莉·沃卓斯基 拉娜·沃卓斯基,129,动作 科幻,The Matrix Revolutions,211,8.5,莉莉·沃卓斯基 拉娜·沃卓斯基,黑客帝国3：矩阵革命,https://movie.douban.com/subject/1302467/,147797,2003
马尔科姆·麦克道威尔 帕特里克·马基 迈克尔·贝茨 沃伦·克拉克 约翰·克莱夫,我完全康复了。,英国   美国,斯坦利·库布里克,136,剧情 科幻 犯罪,A Clockwork Orange,210,8.4,斯坦利·库布里克 安东尼·伯吉斯,发条橙,https://movie.douban.com/subject/1292233/,179022,1971
克林特·伊斯特伍德 埃里·瓦拉赫 李·范·克里夫 阿尔多·久弗瑞 路易吉·皮斯蒂利,最棒的西部片。,意大利   西班牙   西德,赛尔乔·莱翁内,161,西部 冒险,"Il buono, il brutto, il cattivo.",209,9.1,阿杰诺雷·因克罗奇 富里奥·斯卡佩利 卢恰诺·温琴佐尼 赛尔乔·莱翁内,黄金三镖客,https://movie.douban.com/subject/1401118/,48935,1966
张曼玉 林青霞 梁家辉 甄子丹 熊欣欣 刘洵 任世官 吴启华 袁祥仁 徐锦江 魏忠威 郑希怡 王彤川,嬉笑怒骂，调风动月。,香港   中国大陆,李惠民,88,剧情 动作 武侠 古装,新龍門客棧,208,8.4,徐克 张炭 何冀平,新龙门客栈,https://movie.douban.com/subject/1292287/,174432,1992
梁正晖 邱岳峰 毕克 富润生 尚华 于鼎,想你时你在闹海。,中国大陆,严定宪 王树忱 徐景达,65,动画 奇幻 冒险,,201,8.8,王树忱,哪吒闹海,https://movie.douban.com/subject/1307315/,75782,1979
